abandon	3.05
abat-jour	5
abattoir	4.34
abbé	3.16
abdomen	5.25
abeille	5.54
abîme	2.94
aboiement	3.79
abondance	3.13
abonné	2.92
abonnement	3.07
abri	4.84
abricot	5.16
absence	3.02
abstinence	3
abstraction	2.55
abus	3.33
abuser	3.54
académie	3.32
accélérateur	4.06
accent	3.86
acceptation	2.65
accès	3.01
accession	2.53
accessoire	4.04
accident	4.58
accord	2.91
accordéon	5.72
accouplement	4.24
accoupler	4.36
accroc	2.66
accueil	3.06
accusation	3.12
accusé	3.25
achat	3.94
acide	4.13
acier	4.68
acquisition	2.86
âcre	3.36
acte	2.9
acteur	4.69
action	3.18
activation	2.79
activité	3.1
actrice	4.97
actualité	2.79
adage	2.31
adaptation	2.26
adhésion	2.98
adieu	2.96
adjectif	2.91
adjoint	3.26
administrateur	3.45
administration	3
admiration	2.7
admission	3.33
adolescent	4.79
adolescente	5.06
adoption	3.43
adoration	2.65
adresse	4.1
adulte	4.89
adultère	3.31
adverbe	3.17
adversaire	3.56
aéroport	5.86
affaire	2.42
affection	3.21
affichage	3.95
affiche	5.04
affirmation	2.99
affluence	2.39
affolement	3.08
affres	2.25
affriolant	2.57
affrioler	2.65
âge	3.25
agenda	5.41
agent	3.83
agente	4.02
agilité	3.19
agitation	3.2
agneau	5.44
agonie	3.06
agrafe	5.18
agrafeuse	5.92
agression	3.28
agressivité	3.35
agriculteur	4.94
agriculture	4.06
agrumes	5.29
aguichant	2.77
aguichante	3
aide	3.37
aïeul	2.63
aigle	5.57
aigre	3.35
aiguille	5.43
ail	5.16
aile	5.11
aimant	4.77
aimer	3.42
aine	3.9
air	3.51
aire	3.72
aisance	2.73
aise	1.82
aisselle	4.68
ajout	3.28
ajustage	3.01
alaise	2.46
album	5.24
alcool	4.97
alerte	3.12
alexandrin	2.81
algèbre	3.99
algue	5.48
alibi	2.47
alignement	3.82
aliment	4.69
alimentation	3.87
allée	4.25
allégresse	2.56
alliance	4.12
alligator	6.05
allocution	2.3
allumette	5.65
allure	2.76
allusion	2.74
alouette	4.45
alphabet	4.79
altitude	4.18
amande	5.28
amant	3.64
amante	3.56
amas	3.2
amateur	3.34
ambassadeur	4.01
ambiance	2.69
ambiguïté	2.01
ambition	2.74
ambre	3.55
ambulance	5.77
âme	2.72
amélioration	2.17
aménagement	3.21
amende	4.66
amertume	2.76
ami	4.87
amitié	3.52
amnésie	3.08
amortisseur	3.51
amour	3.73
amourette	2.81
amoureuse	3.86
amoureux	4.27
ampère	2.85
ample	3.82
ampleur	2.88
amplificateur	4.38
amplitude	3.24
ampoule	6.07
amusement	3.36
an	3.31
anal	4.69
analingus	3.46
analogie	2.58
analyse	2.09
ananas	6.22
anarchie	2.35
anarchiste	2.29
anatomie	4.01
ancêtre(s)	3.73
anche	4.02
ancre	5.53
androgène	2.16
âne	5.44
ange	5.9
angle	5.01
angoisse	2.79
anguille	5.24
animal	5.26
animateur	4.05
animation	3.8
anneau(x)	5.24
année	3.14
annexe	3.75
anniversaire	4.16
annonce	3.61
annuaire	4.8
anse	4.12
antenne	5.28
antichambre	2.7
anticipation	2.58
antipathie	2.38
antiquaire	3.69
antithèse	2.55
antre	2.53
anus	4.98
anxiété	2.71
aorte	4.55
août	4.3
aperçu	2.71
apéritif	4.43
aphrodisiaque	3.23
aplomb	2.44
apogée	2.55
appareil	4.12
apparence	2.75
apparition	2.43
appartement	5.29
appât	3.78
appel	3.71
appétissant	3.55
appétit	3.26
application	3.19
apport	2.75
appréciation	2.83
apprentissage	2.95
approche	2.79
appui	3.17
âpre	2.46
après-midi	3.43
apte	2.78
aptitude	2.84
aquarelle	3.83
aquarium	5.47
arachide	5.54
araignée	5.58
arbalète	3.41
arbitre	5.16
arbre	5.62
arbuste	5.37
arc	5.09
arche	4.88
archer	3.68
archet	3.68
archipel	3.43
architecture	4.32
ardeur	2.51
arène	3.24
arête	4.7
argent	5.42
argile	4.7
argot	2.49
argument	2.65
arme	5.08
armée	5.07
armistice	2.34
armoire	5.4
armure	5.22
arôme	3.39
arrêt	4.7
arrivée	3.19
arrosoir	5.82
arsenal	2.99
art	4.04
artère	5.25
artichaut	4.85
article	3.8
articulation	3.72
artillerie	4.1
artisan	4.44
artiste	4.76
as	5.18
ascenseur	5.37
ascension	3.43
asile	4.08
aspect	2.06
asperge	5.94
asphalte	5.47
aspirateur	5.73
aspiration	3.07
aspirine	5.64
assaisonnement	3.98
assaut	3.36
assemblée	3.77
assiette	5.63
assistanat	2.62
assistance	3.17
assistant	3.77
association	2.66
assurance	2.85
asthme	4.12
astre	5.15
astronaute	5.9
astuce	2.48
atelier	4.5
atmosphère	3.94
atome	4.34
atout	2.83
âtre	2.19
attache	3.89
attachement	3.13
attaque	4.04
atteinte	2.58
attelage	3.83
attendrissement	2.85
attente	2.53
attention	2.18
attirance	3.26
attirant	3.29
attirante	3.54
attirer	3.31
attitude	2.06
attouchement	4.3
attraction	3.26
attrait	2.93
attrape	3.32
attribut	2.62
attribution	2.3
aube	4.6
auberge	4.96
aubergine	5.44
audace	2.6
audience	4.2
audition	3.59
auditoire	4.53
auge	2.62
augmentation	3.34
augure	2.09
aulne	2.84
aune	1.94
aura	3.31
aurore	4.37
autel	4.73
auteur	3.23
auteure	4.06
auto	5.74
autobus	5.57
automate	2.9
automne	4.55
automobile	6
autonomie	3.03
autorisation	2.79
autorité	2.94
autoroute	5.25
autre	2.81
autruche	5.98
auvent	3.41
aux	2.32
avalanche	5.33
avance	2.8
avant	3.18
avantage	2.18
avatar	2.31
avenir	2.69
aventure	3.17
avenue	4.15
averse	4.29
avertissement	3.34
aveu	2.76
avion	5.47
aviron	4.76
avis	2.48
avocat	4.78
avoine	5.32
avortement	4.42
avril	3.77
axe	4.47
azote	3.18
babillard	5.28
bac	4.36
bâche	2.79
bactérie	4.14
baffe	3.75
bagage	5.66
bagarre	4.49
bagatelle	3.25
bagne	2.65
bagnole	4.82
bague	5.6
baguette	5.07
baie	4.98
baignoire	5.63
bail	3.41
bain	5.37
baïonnette	4.24
baiser	5.44
baisse	3.39
bal	5.32
balade	4.04
balai	5.4
balance	4.87
balançoire	5.97
balcon	5.9
bale	2.85
baleine	6.2
balise	3.03
balle	5.56
ballerine	5.31
ballet	5.76
ballon	6.21
baluchon	4.73
bambin	4.8
bambou	5.8
ban	2.79
banane	5.52
banc	5.36
bande	4.34
bandeau	5.05
bandelette	3.54
bander	5.24
banderole	4.86
bandit	4.53
bandoulière	3.11
banjo	5.55
banlieue	4.05
bannière	4.84
banque	5.52
banquet	5.16
banquette	3.8
banquier	4.38
banquise	3.64
baptême	4.9
bar	5.59
baraque	4.16
barbe	5.41
barbecue	5.88
barbelé	4.33
barbiche	5.07
barbier	4.99
barboteuse	4.38
barde	2.88
barge	3.1
baril	5.45
baron	3.52
baronne	3.1
barque	5.02
barrage	5.2
barre	5.59
barreau	4.83
barrette	5.78
barricade	4.72
barrière	5.26
bas	4.88
bascule	4.22
base	3.73
basket-ball	5.86
basque	2.79
basse	3.62
bassin	4.63
bassine	3.91
bât	2.79
bataille	5.15
bataillon	3.53
bateau	5.58
bâtiment	5.47
bâtisse	5.11
bâton	5.49
bâtonnet	5.69
battant	3.04
batterie	5.31
battre	4.74
bauge	2.26
baume	4.02
bave	5.26
bavure	3.47
bazar	3.68
beau	4.75
beauté	3.82
bébé	5.52
bec	5.35
bêche	3.85
bedeau	2.87
bedon	5.21
bée	2.74
beffroi	1.27
bègue	2.61
beige	5.26
beigne	5.99
beignet	5.63
bel	3.82
belette	4.62
belge	3.96
bélier	5.54
belle	4.77
belvédère	3.87
bémol	3.78
bénéfice	2.93
bénitier	2.72
benjamine	2.74
benne	2.39
béquille	5.68
berceau	5.58
berceuse	4.84
béret	5.2
berge	3.48
berger	4.86
berne	2.45
besogne	2.88
besoin	2.68
bestiole	4.55
bétail	4.59
bête	4.69
bêtise	2.89
béton	4.84
bette	3.01
betterave	5.44
beurre	5.55
biais	2.9
bibelot	4.96
biberon	6.06
bible	5.76
bibliothèque	5.38
biche	4.97
bicyclette	5.71
bide	2.36
bidon	4.24
bielle	2.29
bien	3.02
bien-être	3.14
bienfait	2.8
bière	5.81
biffe	2.93
bigamie	2.96
bigoudi	4.4
bigre	2.28
bijou	5.45
bijouterie	5.36
bijoutière	4.61
bilan	3.4
bile	4.29
bille	5.68
billet	5.19
binette	2.74
biographie	3.62
bique	2.6
bis	3.14
biscotte	4.24
biscuit	5.56
bise	4.21
bisexualité	3.54
bison	5.22
bisou	5.28
bisque	2.76
bistre	2.36
blague	3.62
blaireau	4.05
blâme	3.14
blanc	5.52
blanche	5.55
blason	2.97
blatte	2.84
blé	5.32
bled	2.86
blême	4.31
blessé	4.22
blessure	5.15
blette	3.28
bleu	5.82
bleue	5.76
bleuet	6.18
bloc	5.18
blocage	3.69
blond	5.61
blonde	5.71
blouse	5.68
blouson	5.53
blues	3.95
boa	5.81
bobine	4.86
bocal	5.19
boche	2.4
boeuf	6.04
boeufs	5.94
bogue	2.85
bohémienne	3.87
boire	5.36
bois	5.49
boisson	5.14
boîte	5.45
boîtier	4.85
bol	5.65
bombarde	3.51
bombardement	4.59
bombe	5.53
bon	3.25
bonbon	5.68
bonbonne	4.75
bond	4.1
bonde	2.57
bonheur	2.98
bonhomme	4.58
bonne	3.6
bonnet	4.92
bonté	2.75
bonze	2.45
boomerang	5.74
bord	3.74
bordée	3.02
bordel	4.13
bordereau	3.18
bordure	4.72
borgne	2.81
borne	3.65
bosquet	3.3
bosse	5.72
bot	2.49
botte	5.77
bottin	5.08
bottine	5.63
bouc	4.45
bouche	5.58
bouchée	4.71
boucher	4.87
bouchon	5.36
boucle	5.38
bouclier	4.21
boudin	4.49
boue	4.99
bouée	5.29
boueuse	4.4
boueux	5.04
bouffe	5.34
bouffon	4.96
bouge	3.74
bougie	5.83
bougre	2.74
bouille	4.05
bouilloire	5.83
bouillotte	3.7
boulanger	5.05
boulangerie	5.32
boule	5.3
bouleau	5.43
boulet	4.55
boulette	5.58
boulevard	4.84
boulon	4.27
boulot	4.12
boum	3.67
bouquet	5.86
bouquetière	4.59
bouquin	5.08
bouquineur	3.39
bourbe	2.51
bourde	2.32
bourdon	4.81
bourg	3.36
bourgeois	3.44
bourgeoisie	3.72
bourgeon	4.98
bourre	2.85
bourreau	3.88
bourrelet	3.56
bourse	4.79
bouse	3.06
bouseux	2.48
boussole	5.99
bout	4.05
boutade	2.03
boute-en-train	2.8
bouteille	5.38
boutique	5.16
bouton	5.23
boutonnière	4.66
boxe	5.18
boxes	4.57
boxeur	5.19
boyau	5.1
bracelet	5.14
braies	2.51
braille	4.85
braire	2.66
braise	4.39
brancard	3.39
branchage	3.52
branche	5.32
branle	3.36
braque	2.79
bras	5.56
brasier	3.87
brasse	3.83
brave	4
bravoure	2.99
brebis	5.44
brèche	2.95
bref	2.96
brème	2.17
bretelle	5.51
brève	3.09
bribe	2.27
bride	4.1
brie	3.98
brigade	3.68
brigadière	4.81
brigand	3.88
brigue	2.46
brin	4
brindille	4.72
brioche	5.55
brique	5.72
briquet	5.55
bris	3.43
brise	3.72
broc	2.27
brocanteur	2.68
broche	5.2
brochet	4.98
brochette	5.57
brochure	5.1
brocoli	6.15
broderie	4.85
brome	2.74
bronche	4.32
bronze	5.09
brosse à dents	6.25
brosse	5.41
brou	3.83
brouette	5.89
brouillard	4.93
brouille	3.37
brouillon	4.82
broussaille	3.6
brousse	4.04
broyeur	4.2
bru	3.33
bruine	3.88
bruire	2.28
bruit	3.22
brûleur	4.41
brûlure	5.08
brume	4.98
brun	5.85
brune	5.31
brunette	4.71
brusque	3.54
brut	3.47
brutalité	3.34
brute	3.49
buanderie	5.05
buccal	3.79
bûche	5.94
bûcher	4.9
bûcheron	5.24
budget	3.73
buée	4.82
buffet	5.31
buffle	4.4
buis	2.48
buisson	4.93
bulbe	5.13
bulle	5.5
bulletin	4.84
bure	2.3
bureau	5.49
burin	2.09
bus	5.73
buse	2.71
buste	5.23
but	3.62
butin	3.42
butor	2.27
butte	4.3
buveur	4.07
buveuse	4.29
cabale	2.2
cabane	4.97
cabanon	4.38
cabaret	5
cabine	5.14
cabinet	5.21
câblage	4.14
câble	5.46
cabriolet	3.49
cacahuète	5.6
cachalot	3.61
cache	3.8
cachette	3.99
cachot	4.11
cactus	6.09
cadavre	4.96
caddie	2.99
cadeau	5.43
cadenas	6.06
cadette	3.45
cadran	5.58
cadre	5.52
cafard	3.72
café	5.37
cafetière	5.33
cage	5.5
cahier	5.29
caille	4.21
caillou	5.42
caïman	2.92
caisse	4.76
caissière	4.82
cal	2.44
calanque	2.33
calcification	3.03
calcul	4.06
calculatrice	5.58
cale	2.68
calèche	5.08
caleçon	5.39
calendrier	5.5
calepin	5.26
calibre	3.13
câlin	3.56
câliner	3.25
calmar	4.27
calme	3.3
calomnie	2.39
calorie	2.82
calotte	4.34
calque	3.49
calumet	3.61
camarade	4.34
cambriolage	4.01
cambrioleur	4.49
came	2.95
caméléon	5.9
camelot	3.25
caméra	5.6
camion	5.55
camionnette	5.9
camionneur	4.67
camisole	5.93
camp	4.79
campagnarde	3.77
campagne	5
camphre	3.4
camping	5.47
campus	4.79
canal	5.08
canapé	5.24
canard	5.77
canari	5.78
cancer	3.89
cancre	2.9
candeur	2.34
candidat	3.64
candidate	3.36
candidature	3.04
cane	5.24
canette	5.9
caniche	5.41
canif	5.72
canine	4.29
canne	5.84
cannelle	4.3
canoë	5.37
canon	5.44
canot	5.57
cantatrice	2.83
cantine	4.82
cantinier	2.98
cantique	2.88
canton	3.35
cap	4.2
capacité	2.63
cape	5.12
capitaine	4.91
capital	3.61
capitale	3.96
capot	4.58
capote	5.71
câpre	3.44
caprice	2.79
capsule	4.66
captivité	3.38
capture	3.59
capuche	4.65
capuchon	5.8
carabine	5.67
caractère	2.73
caractéristique	2.91
carafe	3.81
caramel	5.91
carapace	5.29
carat	2.77
caravane	5
caravelle	3.14
carburant	4.37
carburateur	3.96
carcan	2.39
carcasse	4.73
cardinal	4.44
cardiogramme	4.25
carence	2.61
caressant	3.66
caressante	3.54
caresse	4.46
caresser	4.27
cargo	4.58
caribou	5.79
caricature	5
carie	4.89
carillon	3.92
carnaval	5.15
carnet	5.02
carotte	5.65
carpe	4.63
carpette	3.74
carquois	2.45
carre	3.18
carré	5.69
carreau	5.13
carrefour	3.93
carrière	3.47
carriole	3.86
carrosse	5.45
cartable	5.93
carte	5.31
carton	5.31
cartouche	5.02
cas	2.22
cascade	4.53
cascadeur	4.41
case	5.13
caserne	4.9
casier	5.27
casino	5.57
casque	5.87
casquette	5.71
casse	3.75
casserole	5.26
cassette	5.92
caste	2.48
castor	6.15
cataclysme	2.86
catalogue	5.34
catapulte	5
catastrophe	4.14
catch	3.95
catégorie	3.01
cathédrale	5.4
cauchemar	4.23
causalité	2
cause	2.07
causse	2.25
cavalerie	4.13
cavalier	4.61
cavalière	4.29
cave	5.3
caverne	5.79
cavité	4.1
cèdre	5.49
ceindre	3.06
ceinture	6
céleri	6.13
cellule	4.83
celte	3.17
cendre	5.21
cendrier	5.49
cène	2.62
cens	2.95
censure	2.8
cent	5.24
centaine	3.77
centaure	3.23
centre	4.1
cep	2.21
cèpe	1.98
cerceau	5.8
cercle	5.43
cercueil	5.95
céréale	5.61
cérémonie	4.07
cerf	5.82
cerf-volant	5.72
cerise	5.88
cerisier	5.2
cerne	4.68
certes	2.38
certificat	4.79
certitude	2.55
cerveau	5.39
cervelle	4.36
cesse	2.78
chacal	3.73
chagrin	3.88
chaîne	5.21
chair	4.96
chaire	4.57
chaise	5.58
châle	4.91
chalet	5.71
chaleur	3.45
chaloupe	5.8
chambre	5.33
chameau	6.08
champ	5.25
champignon	6.05
champion	4.42
championnat	4.09
chance	2.6
chancre	2.72
chandail	5.98
chandelier	5.46
chandelle	5.69
change	4.1
changement	2.1
chanson	4.03
chansonnette	3.38
chansonnier	4.54
chant	3.99
chanteur	5.19
chantier	4.48
chantre	2.48
chanvre	3.42
chaos	3.6
chapeau	5.79
chapelet	5.31
chapelle	5.34
chaperon	4.65
chapiteau	4.51
chapitre	4.16
chaque	2.76
char	5.26
charabia	2.38
charbon	5.08
charcutier	3.86
charge	2.58
chariot	5.24
charité	3.33
charlatan	3.04
charme	3.49
charmer	3.12
charmeur	3.38
charnière	3.33
charpente	4.17
charpentier	4.21
charrette	5.14
charrue	5.38
charte	3.85
châsse	3.28
chasse	5.18
chasseur	5.06
chaste	2.79
chasteté	2.82
chat	5.64
châtaigne	3.48
château	5.55
châtiment	3.07
chaton	5.97
chatte	6.09
chaud	4.42
chaude	4.25
chaudière	5.32
chaudron	6.09
chauffage	3.8
chauffe	3.75
chauffeur	4.72
chaume	3.07
chaumière	3.67
chausses	2.76
chaussette	5.96
chausson	5.6
chaussure	5.77
chaut	2.43
chauve	5.56
chauve-souris	6.18
chauvinisme	2.54
chaux	3.9
chef	4.66
chemin	5
cheminée	5.55
chemise	5.58
chemisier	4.85
chêne	5.67
chenille	5.84
cheptel	2.3
chèque	5.75
chéquier	4.34
cher	3.4
chère	3.25
cheval	5.59
chevalet	4.1
chevalier	4.7
chevelure	5.61
cheveu(x)	5.45
cheville	5.72
chèvre	5.62
chevreau	4.2
chewing-gum	6
chiasse	3.09
chic	4.39
chicane	3.7
chiche	2.79
chien	5.71
chienne	5.94
chier	4.96
chiffe	3.13
chiffon	4.91
chiffre	5.41
chignon	4.86
chinoiserie	2.9
chiot	5.31
chiottes	5.13
chique	3.86
chirurgien	5.18
chirurgienne	4.5
chiure	3.24
chlore	4.6
choc	3.75
chocolat	5.48
choeur	4.71
choir	3.12
choix	2.43
choléra	2.95
chômage	3.43
chope	2.79
chose	3.14
chou	5.8
chouan	2.37
chouette	5.23
chrême	2.36
christ	5.16
chrome	4.24
chronique	3.04
chronomètre	5.67
chut	3.22
chute	5.25
cible	5.29
cicatrice	5
cidre	4.4
ciel	5.81
ciels	5.21
cierge	5.39
cieux	4.72
cigale	4.79
cigare	6.05
cigarette	5.53
cigogne	5.09
cil	5.89
cime	3.99
ciment	5.45
cimetière	5.92
cinéma	5.31
cinq	5.62
cintre	4.86
circoncis	4.57
circoncision	4.46
circonstance	2.68
circuit	3.73
circulation	4.08
cire	5.49
cirque	5.86
cirrhose	2.56
ciseau(x)	5.95
citadelle	3.86
citadin	3.34
citadine	2.52
citation	3.88
cité	4.28
citerne	3.95
citoyen	4.12
citron	6.26
citrouille	6.24
civière	4.97
civilisation	3.18
civisme	2.79
clac	3.1
clafouti(s)	2.03
claie	2.68
clair	4.33
claire	4.07
clairière	4.25
clairon	3.37
clan	4.46
claque	4.99
clarification	2.71
clarinette	5.46
clarté	3.76
classe	4.67
classement	3.45
classeur	4.92
classification	3.03
clause	2.81
claustrophobie	3.75
clavecin	3.47
clavier	5.26
clé	5.63
clebs	2.19
clef	5.56
clémence	2.61
clenche	2.45
clerc	4.04
clic	3.09
cliché	3.05
client	4.16
cliente	4.16
clientèle	3.93
climat	3.92
climatiseur	4.83
clip	4.58
clique	3.38
cliques	3.01
clitoris	5.31
clivage	3.3
clochard	4.87
cloche	5.43
clocher	5.45
clochette	5.63
cloison	3.2
cloque	3.23
clore	3.17
clos	3.55
close	3.7
clôture	6.07
clou	5.55
clown	5.72
club	4.56
cobra	5.9
cocaïne	5.23
coccinelle	6.07
coche	4.22
cochon	5.97
cocotier	5.04
cocotte	4.99
cocotte-minute	3.63
cocu	2.54
codage	3.15
code	4.2
coeur	5.62
coffre	6.11
coffre-fort	5.25
coffret	5.28
cognac	5.14
cognée	2.82
cohérence	2.13
cohue	2.55
coi	2.38
coiffe	4.76
coiffeur	5.14
coiffeuse	4.77
coiffure	5.4
coin	4.75
coïncidence	2.55
coing	2.26
coït	4.17
coite	2.49
coke	5.93
col	5.21
colère	3.3
colibri	5.32
colique	3.14
colis	5.08
collaborateur	3.22
collaboration	2.9
collaboratrice	2.71
collage	4.58
colle	5.1
collection	4.1
collectionneur	3.51
collectivité	2.9
collège	4.94
collégienne	4.22
collègue	4.1
collet	5.12
collier	5.55
colline	5.49
collision	4.57
colloque	3.71
colombe	5.66
colonel	4.18
colonie	4.03
colonne	4.84
colorant	4.47
colza	1.85
combat	4.59
combattant	4.27
combe	2.62
combinaison	3.43
comble	2.01
combustion	3.63
comédie	3.67
comédienne	4.03
comète	5.24
comité	3.6
commandant	3.79
commande	3.29
commandement	3.08
commencement	3.29
commentaire	2.71
commentatrice	3.6
commerce	3.64
commère	3.23
commis	3.65
commissaire	3.24
commission	3.28
commode	4.73
communauté	3.36
communication	2.93
communiqué	3.17
communisme	2.67
compagnie	3.56
compagnon	4.31
comparaison	2.74
compas	5.26
compensateur	2.65
compère	2.47
compétence	2.73
compétition	3.39
complaisance	2.45
complément	2.55
complet	3.5
complexité	2.65
complication	2.94
complicité	2.78
compliment	3.06
complot	3.05
comportement	2.81
composante	3.01
composition	3.21
compote	5.04
compréhension	2.71
compromis	2.74
comptabilité	3.02
comptable	4.19
compte	3.3
comptine	3.57
comptoir	5.48
comté	3.12
comte	4
comtesse	3.88
concentration	2.88
concept	2.05
conception	2.98
concert	4.6
concevoir	2.68
concierge	5.02
conclusion	2.6
concombre	6.2
concours	3.23
concubin	3.36
concubine	3.42
concurrence	2.74
concurrent	3.01
condition	2.39
condom	5.68
conducteur	4.44
conductrice	4.29
conduit	3.43
conduite	3.54
cône	5.65
conférence	3.59
conférencière	3.44
confession	3.19
confessionnal	4.61
confiance	2.65
confidence	2.87
configuration	2.61
confirmation	3.07
confiture	5.61
conflit	3.09
confort	3.3
confrère	3.34
confusion	3.02
congé	3.34
congélateur	5.51
congre	2.21
congrès	3.74
conjoint	4.34
conjoncture	2.56
conjugaison	3.09
conjugale	2.92
connaissance	2.56
conne	3.05
connerie	3.03
connexion	3.38
conque	2.43
conquête	3.16
conscience	2.22
conseil	2.62
conseiller	3.78
consentement	2.75
conséquence	2.75
conservation	3.17
conserve	4.35
considération	2.13
consigne	3.14
consolation	2.87
consommation	3.44
consonne	4.27
constitution	2.86
construction	4.38
consultante	3.29
consultation	2.83
contact	3.21
conte	4.14
contemplation	2.74
contenant	4.69
contenu	2.78
contexte	1.61
continence	2.47
continent	4.7
continuité	3.18
contour	4.26
contraception	4.21
contradiction	2.77
contrainte	2.79
contraire	2.52
contrariété	2.39
contraste	3.65
contrat	4.13
contre	3.22
contrepoison	2.89
contribution	2.84
contrôle	3.11
convalescence	2.67
convenance	2.61
convention	2.93
conversation	3.72
conversion	2.82
conviction	2.81
convoi	3.21
convoyeur	3.04
coopération	3.01
coopérative	2.8
coordination	3.15
coordinatrice	3.3
coordonnée	3.13
copain	4.6
copeau	4.19
copie	4.56
copinage	2.64
copine	4.65
copulation	3.97
copuler	3.64
coq	6.09
coque	4.72
coquillage	6.01
coquille	5.81
cor	3.26
corbeau	5.52
corbeille	5.05
corde	5.44
cordon	5.58
cordonnier	4.68
corne	5.4
corneille	5.67
cornemuse	4.55
cornet	5.72
cornichon	6.1
corporation	2.92
corps	5.45
corpulence	3.78
correction	3.27
correspondance	3.1
correspondant	3.23
corrida	2.92
corridor	5.47
cors	3.16
corse	3.24
cortège	3.76
corvée	3.45
cosse	2.66
costume	5.14
cotation	2.63
côté	3.77
cote	4.23
côte	4.79
coteau	3.18
côtelette	5.03
cotisation	3.08
coton	5.42
cotte	2.76
cou	5.55
couard	2.4
couarde	2.25
couche	5.25
coucher	4.19
couches	5.32
coucou	4.15
coude	5.61
coudre	5.34
couenne	3.42
couette	4.6
couffin	2.34
coule	4.13
couleur	4.57
couleuvre	6.05
couloir	5.07
coup	4.02
coupe	4.77
couple	4.9
couplet	3.53
coupon	5.49
coupure	4.95
couque	2.33
cour	4.5
courage	2.88
courant	3.19
courbature	3.77
courbe	5.13
courbure	4.49
coureur	4.84
courge	5.29
courgette	4.82
couronne	5.65
courre	2.75
courrier	5.29
courroie	4.09
cours	4.03
course	4.48
court	4.55
courte	4.38
courtier	2.87
courtisane	2.34
coussin	5.41
coût	3.59
couteau	5.6
coutume	3.23
couture	4.8
couturière	4.32
couvent	4.46
couvercle	5.42
couvert	4.93
couverture	4.98
coyote	5.65
crabe	5.77
crachat	4.72
craie	6.08
craindre	3.7
crainte	2.82
crampe	4.26
crampon	4.5
cran	2.89
crâne	5.61
crapaud	5.97
craque	4.02
craquement	3.47
cratère	5.09
cravate	6.13
crawl	4.61
crayon	5.57
création	2.58
créature	4.2
crèche	5.74
crédit	3.43
crème	5.32
créole	3.36
crêpe	5.65
crépuscule	4.08
crête	3.82
creuse	4.59
crevaison	5.06
crevasse	4.57
crève	3.33
crevé	3.43
crevette	5.97
cri	3.24
crible	3.19
crime	4.68
criminelle	4.09
crin	3.44
crinière	4.85
crique	3.95
crise	3.56
cristal	4.9
critère	2.2
critique	2.92
croche	4.45
croche-pied	2.89
crochet	5.31
crocodile	6.19
croire	3.26
croissance	2.94
croissant	5.36
croix	6.09
croquis	4.5
crosse	3.59
crosses	3.16
crotte	4.79
croup	2.78
croupe	2.92
croûte	5.39
croyance	2.98
cruauté	3.09
cruche	5.37
crudité	4.7
crue	3.42
crypte	3.33
cube	5.7
cueillette	4.39
cuillère	6.16
cuir	5.36
cuire	4.72
cuisine	5.85
cuisinier	5
cuisinière	5.27
cuisse	5.69
cuisson	4.26
cuistre	2.23
cuit	4.18
cuite	4.07
cuivre	5.46
cul	5.09
culot	3.19
culotte	5.65
culte	3
cultivateur	4.68
culture	3.5
cumul	2.24
cunnilingus	4.6
cure	3.72
curé	5.25
cure-pipe(s)	4.2
curiosité	2.54
curseur	4.8
cuve	5.09
cuvée	3.5
cuvette	4.5
cycliste	5.7
cyclone	4.96
cygne	5.92
cylindre	5.81
cymbale	5.26
dague	3.35
daim	3.78
dais	2.35
dalle	4.64
daltonisme	3.53
dame	4.67
damier	3.88
dance	4.86
danger	3.38
danse	4.45
danseur	5.24
danseuse	5.03
dard	4.72
darne	2.62
dartre	2.18
date	4.76
datte	5.16
dauphin	6.13
dé	5.75
débâcle	2.18
débat	3.64
débauche	2.93
débauché	3.14
débile	3.02
débit	3.24
débouché	3.04
débris	4.28
début	2.7
débutante	2.79
décalage	3.13
décanat	1.47
décembre	3.84
déception	3.02
décès	4.14
décharge	3.28
décharger	4.21
dèche	3.17
déchet	5.14
décimale	4.35
décimètre	4.29
décision	2.82
déclaration	2.97
déclic	2.92
déclin	2.97
décollage	4.22
décor	3.98
décoration	4.59
décoratrice	4.12
découpage	4.11
découverte	3.27
décrépitude	2.19
décret	2.38
dédain	2.46
dédicace	2.35
déesse	4.29
défaite	2.76
défaut	2.34
défectuosité	2.92
défense	2.86
défi	2.99
défiance	2.73
déficience	2.76
déficit	2.78
défilé	4.04
définition	3.04
dégaine	2.5
dégât	4.24
dégel	3.93
dégoût	3.42
degré	2.84
déguisement	4.53
déité	2.41
déjeuner	5.08
délai	2.84
délégation	3.18
délégué	3.12
délicatesse	3.1
délice	3.41
délinquante	3.42
délire	3.28
délit	2.92
délivrance	2.89
déluge	4.17
demande	2.98
démarche	3.31
démarreur	3.43
démêlage	3.12
demeure	4.22
déminage	2.87
démocratie	2.92
demoiselle	4.4
démolition	4.06
démon	5.03
démonstratrice	3.16
dense	3.4
dent	5.82
dentelle	5.5
dentiste	5.21
dénudé	3.68
dénudée	3.93
départ	3.8
département	3.43
dépense	3.57
dépit	2.46
déplacement	3.15
déploiement	2.22
dépôt	3.55
dépotoir	4.87
député	3.75
dérision	2.2
dernier	3.59
derrière	3.84
dès	3.17
désarroi	2.7
désastre	3.65
descente	4.15
description	2.97
déséquilibre	3.4
désert	5.47
déserteur	3.1
désespoir	2.57
désillusion	2.4
désir	3.11
désirable	3.22
désirer	3.3
désordre	3.93
dessein	3.21
dessert	5.36
dessin	4.76
dessinateur	4.28
dessinatrice	4.02
destin	2.7
destination	3.31
destinée	2.56
destruction	3.73
détachement	2.67
détail	2.42
détaillant	3.11
détection	2.85
détente	3.43
détenu	3.76
détergent	5.33
détermination	2.87
détonateur	3.19
détonation	2.96
détour	3.75
détresse	3.23
dette	3.9
deuil	3.8
deux	5.59
développement	3.09
déviation	3.17
devin	2.88
devinette	3.04
devis	2.52
devise	2.82
dévoilement	3.31
devoir	3.83
dévotion	2.49
dévouement	2.54
dextérité	2.95
dextre	2.54
diable	5.8
diacre	3.13
diagnostic	3.04
diagonale	4.84
dialogue	3.31
diamant	5.61
diantre	2.46
diapason	4.37
diapositive	4.8
dictaphone	3.23
dictature	3.29
dictée	4.27
diction	2.83
dictionnaire	5.6
dicton	2.93
dièdre	2.05
dièse	4.38
diesel	4.47
diète	3.84
dieu	4.51
différence	2.23
difficulté	2.75
diffusion	3.2
digestion	3.32
digne	3.13
dignité	2.83
digue	2.7
dilemme	2.88
diligence	3
dilution	3.32
dimanche	3.57
dîme	3.81
dimension	2.31
diminutif	2.77
diminution	2.64
dinde	5.76
dindon	6.05
dînette	3.75
ding	3.27
dingue	3.68
dinosaure	6.03
diplôme	5.66
dire	3.54
directeur	4.11
direction	3.74
directive	3.19
directrice	3.68
dirigeant	3.27
disciple	3.76
discipline	2.6
discorde	2.79
discours	3.71
discrétion	2.71
discussion	3.31
disparition	3.27
disparu	2.9
dispensaire	2.78
disponibilité	2.82
dispositif	3.05
disposition	2.85
dispute	3.74
disque	5.65
disquette	6.04
dissertation	3.79
distance	3.38
distinction	2.33
distorsion	3.02
distraction	2.92
distribution	3.07
dit	3.04
dite	2.51
diurne	3.27
diva	4.08
divan	5.36
diversité	3.07
divinité	2.67
division	3.88
divorce	3.84
dix	5.15
dizaine	4.06
do	4.23
docteur	5.23
doctorat	3.41
doctrine	2.84
document	4.28
documentaire	3.89
documentation	3.54
doge	2.21
dogme	2.61
doigt	5.63
dol	2.15
dollar	5.8
dom	2.08
domaine	3.22
dôme	5.02
domicile	4.53
dominateur	3.42
domination	3.31
dominatrice	2.9
domino	5.64
dommage	2.94
dompteur	4.26
don	3.72
donjon	4.11
donne	3.29
doré	4.76
dortoir	4.98
dos	5.18
dosage	3.32
dose	3.57
dossier	4.46
dot	3.41
douane	5.03
double	3.99
douce	3.95
douceur	3.34
douche	5.66
doué	4
douée	3.57
douer	2.87
douille	3.7
douillette	5.07
douleur	3.59
doute	2.03
douve	2.38
douze	5.09
doyen	3.39
dragée	2.56
dragon	5.37
drague	3.38
drain	4.1
drame	4.02
drap	5.67
drapeau	5.52
dribble	4.15
dring	3.7
drive	4.13
drogue	5.55
droit	3.11
droite	4.18
droitier	4.07
drôle	4.58
dromadaire	5.44
dru	3.03
drue	2.84
druide	4.08
dû	2.79
dualisme	2.64
dualité	2.94
duc	4.03
duchesse	4.37
due	2.59
duègne	2.23
duel	4.62
dune	4.3
duo	5.05
dupe	2.99
duperie	1.78
dure	4.02
durée	2.33
dureté	3.16
dynamique	3.25
eau(x)	5.38
ébullition	4.56
écaille	5.09
écart	3.58
échalote	5.59
échange	3.52
échangisme	3.09
écharpe	5.59
échauffement	3.29
èche	2.1
échec	3.52
échelle	5.58
échine	2.37
échiquier	4.17
écho	3.29
éclair	5.42
éclairage	4.5
éclaircie	3.83
éclat	3.75
éclatement	3.71
éclosion	3.71
écluse	4.4
école	5.48
écolier	4.95
économie	2.6
économique	2.73
écorce	5.68
écoute	3.11
écouteur	5.23
écran	5.14
écrevisse	4.81
écrin	2.68
écriteau	4.57
écritoire	3.33
écriture(s)	4.58
écrivain	4.55
écrou	3.38
écu	2.8
écueil	2.8
écume	4.09
écureuil	6.08
écurie	5.41
écusson	4.48
édifice	5.62
édition	2.83
édredon	3.16
éducation	2.83
effet(s)	1.93
efficacité	2.77
effleurement	3.38
effleurer	3.5
effort	2.74
effroi	2.54
égalité	3.31
églantine	2.39
église	5.7
égoïsme	2.9
éjaculation	5.3
éjaculer	5.33
élaboration	2.74
élan	3.88
élastique	5.65
élection	4.17
électricité	3.59
électrode	4.46
électron	3.5
élégance	3.47
élément	2.75
éléphant	5.96
élève	4.75
elfe	4.56
élite	3.14
éloge	3.02
éloquence	2.68
émail	4.2
embarras	3.14
embouteillage	4.84
embrassade	4.38
embrasser	5.17
embrochement	2.64
émeraude	5.06
émission	3.99
emmenthal	2.64
émoi	2.53
émotion	3.03
empereur	4.57
emplacement	3.28
emploi	3.63
employé	4.18
employée	3.96
employeur	4.1
empreinte	4.93
emprunt	3.35
enclos	4.4
enclume	3.67
encre	5.13
encrier	4.69
endive	3.32
endroit	2.96
enduit	2.84
énergie	3.14
enfance	4.26
enfant	5.46
enfer(s)	4.87
enflure	4.65
engagement	2.9
engin	4.26
engorgement	3.5
engrais	4.54
énigme	3.06
enjeu	2.61
ennui	3.1
enquête	3.62
enregistrement	3.43
enregistreur	4.67
enrouement	2.52
enseignante	5.23
enseigne	4.44
enseignement	3.68
ensemble	3.2
entaille	3.56
entente	3.09
enterrement	5.05
enthousiasme	3.17
entonnoir	5.71
entrain	2.65
entre	3.52
entrée	4.36
entretien	3.17
entrevue	3.7
enveloppe	6.09
envers	2.84
envie	2.39
environnement	3.88
environs	2.69
envoi	3.12
envol	4.38
envoûtement	2.77
envoûter	2.52
enzyme	3.54
épaisseur	4.2
épargne	3.13
épaule	5.81
épaulette	5.25
épave	3.77
épée	6.05
éperon	2.46
épice	4.63
épicerie	5.16
épidémie	3.41
épinard(s)	5.96
épine	5.06
épinette	5.38
épingle	5.41
épisode	3.19
éponge	5.86
épopée	2.73
époque	2.79
épouse	4.75
épouvantail	5.77
épreuve	3.34
éprouvette	5.65
équerre	4.23
équilibre	3.81
équipage	4.36
équipe	4.77
équipement	4.19
équitation	4.81
équité	2.23
érable	5.92
ère	2.91
érecteur	3.79
érectile	3.74
érection	5.49
érotique	3.44
érotisation	3.03
érotisme	3.19
erreur	3.27
éruption	4.85
escabeau	5.43
escadrille	2.69
escale	2.94
escalier	5.46
escargot	6.14
esclavage	4.39
esclave	4.57
escompte	2.68
espace	3.19
espadon	3.54
espèce(s)	2.91
espérance	2.3
espion	4.46
esplanade	2.41
espoir	2.44
esprit	2.34
esquimau	5.72
esquisse	3.38
essai	3.07
essence	4.72
essieu	3.52
essor	2.57
essoufflement	4.05
est	3.35
estime	2.47
estomac	4.68
étable	5.63
établissement	3.97
étage	4.82
étagère	5.51
étalage	4.3
étalon	4.83
étamine	2.54
étang	5.48
étape	3.23
état	2.48
étendue	3.59
éternité	2.04
étincelle	5.43
étiquette	5.16
étoffe	3.75
étoile	5.46
étonnement	3.01
étourderie	2.42
étourdissement	3.66
étranger	3.96
être	3.28
étreinte	3.53
étrier	3.89
étude(s)	3.38
étudiant	4.89
étudiante	4.99
étui	5
euh	2.91
euphorie	3.05
évacuation	3.68
évaluation	3.17
évasion	3.22
éveil	3.76
événement	2.84
éventail	5.67
évêque	5.11
éviction	2.61
évidence	2.91
évier	5.42
évolution	2.43
exaltation	2.64
examen	4.54
excellence	2.86
exception	2.79
excès	3.21
excitabilité	2.88
excitable	2.94
excitant	3.38
excitateur	3.21
excitation	3.44
excitatrice	3.24
exciter	3.5
exclamation	3.8
exclusion	2.79
exclusivité	2.58
excuse	2.43
exécution	3.19
exemple	2.84
exercice	4.53
exhiber	3.11
exhibition	3.42
exhibitionnisme	4.19
exhibitionniste	4.33
exigence	2.71
exil	3
existence	2.35
exotisme	3.57
expansion	3.16
expédition	3.52
expérience	2.62
expérimentateur	3.51
expert	3.71
expertise	2.83
explication	2.35
exploit	3.1
exploitation	2.89
explosion	4.94
exportation	3.12
exposé	3.34
exposition	3.88
expression	2.92
expulsion	3.27
extase	3.26
extension	3.57
extincteur	5.09
extraction	3.36
extrait	3.14
extrémité	3.36
exubérance	2.42
fa	3.77
fable	3.67
fabricant	2.85
fabrication	3.4
façade	4
face	5.9
facette	3.23
fâcheux	3.03
facilité	2.18
façon	2.08
facteur	4.61
facture	5.12
faculté	2.8
faible	3.62
faiblesse	2.48
faille	3.73
faillite	3.22
faim	3.48
fainéant	2.54
faire	3.24
faire-part	2.95
faisan	3.61
faisceau	3.71
fait	2.71
faîte	1.98
faite	2.86
fakir	2.9
falaise	5.08
famille	5
famine	3.71
fan	3.75
fanal	4.51
fane	3.41
fanfare	4.33
fanion	2.55
fantaisie	3.3
fantasme	3.77
fantasmer	3.6
fantôme	5.51
faon	4.81
farce	4.11
fard	3.9
fardeau	3.18
farfadet	1.66
farine	5.39
fart	2.79
fascicule	2.93
faste	2.44
fat	4.07
fatalité	3.12
fatigue	3.47
faubourg	2.79
fauche	3.34
faucon	5.75
faune	4.97
faussaire	2.38
fausse	3.13
faute	2.91
fauteuil	5.41
fauve	3.78
faux	3.38
faveur	3.07
fécond	2.71
fécondation	3.22
féconde	2.74
féconder	3.37
fécondité	3.11
fédération	2.9
fée	5.62
feindre	3.07
feinte	3.22
fellation	4.51
féminité	3.85
femme	5.36
femmelette	3.05
fémur	4.82
fendre	4.37
fenêtre	5.63
fente	4.48
fer	4.57
fer-à-cheval	5.82
ferme	5.14
fermeté	3.18
fermeture	4.06
fermier	5.19
fermière	4.67
fertilité	3.15
ferveur	2.61
fesse	5.89
festin	4.65
festival	4.67
fête	4.67
fétiche	3.1
fétichisme	3.01
feu	5.35
feuillage	5.11
feuille	5.56
feuillet	4.77
feuilleton	3.84
feutre	5.2
fève	5.45
février	3.72
fez	2.01
fi	2.28
fiabilité	2.64
fiacre	2.54
fiancé	4.3
fiancée	4.75
fiasque	2.51
fibre	4.16
ficelle	5.57
fiche	4.52
fichier	4.58
fichtre	2.21
fiction	3.14
fidèle	2.9
fidélité	2.79
fief	2.41
fiel	2.38
fiente	2.7
fier	3.75
fière	3.57
fierté	3.01
fièvre	4.3
fifre	2.35
figue	4.13
figure	4.73
figurine	4.79
fil	5.1
file	4.74
filet	5.22
fille	5.46
fillette	5.21
filleul	3.59
film	5.46
filon	2.73
filou	2.84
fils	4.91
filtre	4.52
fin	3.62
finale	3.1
finance	3.16
financement	2.82
financier	3.38
finesse	2.94
fiole	3.76
fiord	2.84
firmament	3.71
firme	3.86
fisc	2.38
fissure	4.53
fiston	3.79
fixe	3.39
fjord	3.55
flac	3.07
flaccidité	3.03
flacon	4.97
flair	3.41
flamand	4.08
flambeau	5.25
flambée	4.17
flamme	6.01
flammèche	4.46
flan	3.34
flanc	3.6
flanelle	3.85
flaque	4.68
flash	5.26
flasque	3.67
flatteur	2.41
fléau	2.63
flèche	5.79
fléchette	4.71
flegme	2.81
flemme	2.69
fleur	5.82
fleuriste	5.24
fleuve	5.3
flic	4.98
flingue	4.35
flirt	4.01
flocon	5.56
floraison	4.03
flore	4.31
flot	3.92
flottage	3.92
flotte	4.69
flotteur	4.47
flou	3.87
floue	3.9
fluide	4.58
fluidité	3.38
flûte	6.01
flux	2.7
foc	2.26
foi	2.89
foie	5.36
foin	5.76
foire	4.37
fois	2.46
fol	2.59
folie	2.91
folklore	3.68
folle	4.4
fonction	2.07
fonctionnaire	3.44
fonctionnement	1.97
fond	3.79
fondateur	2.85
fondation	3.78
fondatrice	2.46
fondre	4.35
fonds	3.7
fondue	5.08
fontaine	5.49
fonte	3.43
fontes	3.07
fonts	2.7
for	2.29
force	3.17
forêt	5.54
foreuse	3.31
forge	3.95
forgeron	4.73
format	3.15
formation	2.11
forme	3.76
formule	3.71
fors	2.37
fort	4.84
forte	4.25
forteresse	4.82
fortune	3.8
forum	3.88
fosse	4.16
fossé	4.79
fossile	5.42
fou	3.93
foudre	4.95
fouet	5.56
fougère	5.34
fougue	2.88
fouille	3.93
fouine	3.41
fouir	2.66
foulard	5.99
foule	5.72
foulque	2.11
foulure	3.53
four	5.57
fourbe	2.86
fourberie	2.43
fourche	5.27
fourchette	5.94
fourme	2.2
fourmi	6.05
fourmilière	4.65
fournaise	5.45
fourneau	5.65
fournisseur	3.33
fourre-tout	3.34
fourrure	5.69
foutre	2.99
foyer(s)	5.16
fracas	3.37
fraction	4.07
fracture	4.77
fragment	3.54
fraîche	3.67
fraîcheur	3.39
frais	3.67
fraise	5.91
framboise	6.26
framboisier	5.71
franche	3.3
franchise	2.97
frange	3.94
franque	2.46
frape	3.29
frappe	4.44
frasque	2.69
fraternisation	2.94
fraude	3.79
fraudeur	2.53
frayeur	3.17
frégate	2.53
frein	4.89
frêle	3.48
frêne	3.33
fréquence	3.16
frère	5.05
fresque	3.52
fret	2.83
frette	3.82
friabilité	2.29
friandise	5.22
fric	4.38
friche	2.45
friction	3.74
frigidaire	6.19
frigide	2.82
frigidité	2.74
frigo	6.09
frime	2.75
fringue(s)	3.04
fripe	2.79
frire	4.21
frise	4.28
frisson	4.36
frissonnement	4
frissonner	4.22
frit	4.22
frite	5.81
fritz	2.44
froc	3.14
froid	4.07
froide	4.19
froideur	3.51
froissure	3.32
frôler	3.92
fromage	5.51
fronde	3.07
front	5.38
frontière	4.12
frottement	4.05
frotter	4.42
frousse	3.2
fruit	5.89
frusques	2.4
fruste	2.77
fuel	3.44
fugue	4.01
fuir	4.21
fuite	3.64
fumée	5.34
fumeur	5.18
fumeuse	4.88
fumier	4.73
fureur	3.09
furie	3.13
fusée	5.7
fusil	5.5
fusion	3.56
fût	3.12
futur	3.19
futuriste	3.27
gâchis	3.42
gaffe	3.19
gag	2.88
gage	3.57
gages	3.3
gagnant	4.22
gai	4.61
gaie	4.07
gaieté	3.32
gain	3.07
gaine	3.79
gala	4.35
galaxie	4.93
galbe	2.74
gale	3.84
galère	3.31
galerie	4.95
galette	5.36
galle	3.83
galop	4.58
galopin	2.78
gamelle	3.76
gamin	4.61
gamine	4.23
gamme	4.55
gang	5.38
gangue	2.22
ganse	3.6
gant	5.71
garage	5.76
garantie	3.04
garce	3.23
garçon	5.4
garçonnet	4.43
garde	3.62
garde	4.29
garderie	5.29
gardien	4.66
gardienne	4.38
gare	5.27
garniture	4.7
gars	5.76
gâteau	6.08
gâterie	4.1
gauche	4.58
gaufre	5.06
gaz	4.9
gaze	3.18
gazelle	5.68
gazon	5.35
geai	4.07
géant	5.36
geindre	2.74
geisha	3.41
gel	5.13
gélatine	5.07
gelée	4.65
gémir	3.85
gémissement	3.8
gemme	2.94
gencive	5.47
gendarme	4.79
gendre	4.18
gêne	3.75
génération	3.1
générosité	2.9
genèse	2.77
génie	3.91
génital	4.6
genou	5.53
genouillère	4.57
genre	2.23
gens	5.46
gent	2.74
gentillesse	3.07
geôle	2.94
géométrie	3.89
gerbe	3.74
germanisation	2.65
germe	4.46
gestation	3.11
geste	3.57
gibecière	2.27
gibier	4.74
gicleur	3.36
gifle	5.34
gigot	3.38
gigue	4.28
gilet	5.63
gin	4.76
girafe	6.28
girl	5.8
girouette	4.87
gîte	4.1
givre	4.69
glabre	2.35
glace	5.31
glacier	5.67
glacière	5.59
glaçon	5.82
glaise	4.56
glaive	3.02
gland	4.74
glande	3.9
glas	2.46
glissade	5.79
glissière	4.09
globe	5.59
globule	4.31
gloire	3.66
glotte	2.86
glu	3.4
gnome	4.41
gobelet	5.06
godasse	3.45
goéland	5.44
goinfre	3.31
golf	5.78
golfe	5.06
gomme	5.8
gond	2.74
gonflement	4.38
gonfler	4.01
gong	3.8
gorge	5.09
gorgée	4.37
gorille	6.04
gosier	3.07
gosse	4.86
gouache	5.15
goudron	4.85
gouffre	3.82
goule	2.53
goulot	3.52
gourd	2.53
gourde	4.63
gourme	2.57
gourmet	3.49
gousse	4.4
goût	3.3
goutte	5.74
gouttelette	5.56
gouttière	4.8
gouvernail	4.51
gouvernante	4.04
gouvernement	3.45
gouverneur	3.81
grâce	2.99
gradient	2.9
gradin	4.47
graffiti	5.67
grain	5.28
graine	5.27
graissage	3.86
graisse	5.37
grammaire	3.57
gramme	4.05
grand	5.1
grandeur	3.71
grand-mère	5.45
grand-père	5.47
grand-route	4.78
grange	5.48
granit	3.89
granule	4.18
graphique	5.07
graphisme	3.48
grappe	4.84
gras	5.11
grasse	4.54
gratitude	2.75
gratte	4.29
gravier	4.66
gravité	3.25
gravure	4.42
gré	2.42
grecque	4.38
greffe	4.19
grège	2.25
grêle	5.3
grelot	4.49
grenade	5.77
grenier	5.08
grenouille	5.97
grès	2.49
grève	4.93
gribouillis	3.51
grief	2.52
griffe	5.08
gril	4.31
grill	4.77
grillage	5.06
grille	5.38
grille-pain	6.13
grillon	3.62
grimace	5.4
grippe	4.72
gris	5.47
grise	5.18
grive	2.85
grog	1.93
grognement	4.01
grondement	3.79
gros	5.26
grosse	5.7
grossesse	5.2
grosseur	4.01
grotte	5.37
groupe	4.4
groupement	3.74
grue	5.06
gruyère	3.62
gué	2.5
guêpe	5.94
guère	2.89
guérison	3
guerre	4.68
guerrier	4.47
guet	3.24
guêtre	2.51
guette	2.3
gueule	5.08
gui	3.59
guichet	4.97
guide	4.71
guides	4.55
guidon	4.91
guillemet	5.02
guillotine	4.79
guimauve	6.08
guirlande	5.21
guise	2.43
guitare	5.83
guivre	2.38
gymnaste	5.17
gymnastique	4.4
gynécologie	3.32
gynécologue	4.21
gypse	3.64
habit	5.24
habitacle	3.16
habitant	4.09
habitation	4.88
habitude	2.53
hache	5.92
hachoir	3.8
haie	4.69
haine	2.97
hâle	3.57
haleine	3.97
hall	4.95
halte	4
haltère	4.9
hamac	5.96
hamburger	6.15
hameçon	5.77
hampe	2.44
hanche	5.63
hangar	4.65
harcèlement	3.28
harceler	3.25
harde	2.47
hardes	2.57
harem	3.33
hargne	2.61
haricot	5.51
harmonica	5.83
harmonie	3.28
harnais	4.23
harpe	5.62
harpon	4.7
hasard	2.24
hâte	3.26
hausse	3.4
haussement	3.16
haut	4.65
hautbois	3.67
haute	4.67
hauteur	3.9
haut-parleur	5.42
havre	3.24
hébergement	4.16
hélice	5.35
hélicoptère	5.52
hémisphère	4.63
herbe	5.41
hère	2.38
hérisson	5.16
héritage	3.24
héritier	3.58
héritière	2.93
hermine	3.04
hernie	4.11
héros	4.52
herse	2.09
hésitation	3.07
hétérosexualité	3.93
hétérosexuel	4.06
hêtre	3.18
heure	3.7
heurt	2.68
hibou	6.19
hic	2.24
hier	3.34
hiérarchie	3.64
hiéroglyphe	4.01
hindouisme	3.46
hippocampe	5.51
hippopotame	6.18
hirondelle	6.01
histoire	3.19
historien	3.33
historienne	3.97
historique	3.07
hiver	5.16
hochet	4.65
hockey	5.61
homard	6.06
hommage	3.04
homme	5.28
homophile	3
homophilie	3.04
homosexualité	3.92
homosexuel	4.21
homosexuelle	4.03
honnêteté	2.53
honneur	2.91
honte	2.86
hôpital	5.7
hoquet	4.32
horaire	4.19
horde	2.82
horizon	4.77
horloge	5.83
hormonal	2.57
hormone	3.17
horoscope	4.23
horreur	3.31
hors	2.72
hostilité	2.84
hot(-)dog	6.12
hôte	3.99
hôtel	5.37
hotte	3.76
houe	2.66
houille	2.45
houle	3.93
houppe	2.67
housse	4.08
houx	3.92
huard	5.09
hublot	4.25
huche	2.68
huée	2.93
huer	3.42
huile	5.05
huis	2.31
huit	6.09
huître	5.65
humanisme	2.28
humanité	3.1
humble	2.93
humeur	3.04
humidité	2.76
humiliation	3.22
humilité	2.92
humour	3.32
hune	1.8
hurlement	3.79
hutte	5.08
hyène	4.73
hymen	3.61
hypnose	3.1
hypnotiseur	3.78
hypothèse	2.33
iceberg	6.01
idéal	1.88
idée	2.65
identification	3.12
identité	3.05
if	2.16
igloo	6.12
ignominie	1.9
ignorance	2.75
iguane	5.18
île	6.09
illusion	2.74
illustration	4.43
îlot	4.75
image	4.34
imagerie	3.13
imagination	2.34
imitation	3.24
immensité	3.33
immeuble	5.04
immobilité	3.33
immuabilité	2.39
impact	3.4
impatience	3.02
implantation	3.05
importance	2.19
impossibilité	2.6
impossible	2.43
imposteur	3.37
imposture	2.83
impôt	3.44
impression	2.38
imprimante	5.81
imprimerie	4.82
impuissance	3.08
impuissant	3.18
impulsion	3
impur	2.47
impureté	2.54
incendie	5.42
incertitude	2.75
inceste	3.58
incestueux	2.83
incident	3.17
incision	4.16
inclination	3.58
inconnu	3.09
inconscient	2.38
inconvénient	2.56
incorporation	2.71
incrustation	2.82
inculpé	2.6
incursion	2.52
indépendance	2.96
index	4.42
indication	3.09
indice	3.05
indien	5.5
indifférence	2.77
indignation	2.5
individu	4.3
indulgence	2.58
industrie	4.1
inertie	2.69
infarctus	3.46
infection	3.98
infertile	2.51
infertilité	2.8
infidèle	3.27
infidélité	3.08
infini	2.36
infinité	3.06
infirmerie	4.8
infirmier	5.34
infirmière	5.08
infirmité	3.81
influence	2.7
influx	3.16
information	3
ingénieur	4.15
ingrédient	4.19
initiation	3
initiative	2.65
injection	4.66
injure	2.85
injustice	2.49
innocence	2.58
innovation	2.86
inoccupé	3.04
inquiétude	2.97
inscription	3.36
insecte	5.67
insecticide	4.32
insémination	3.19
inséminer	3.42
insertion	3.33
insistance	2.78
inspecteur	4.78
inspection	3.34
inspiration	3.12
installation	3.25
instant	2.34
instinct	2.48
institut	3.67
instituteur	4.37
institution	4.28
instruction	3.33
instrument	4.93
insuline	4.13
insulte	3.19
intégration	2.92
intelligence	2.48
intensité	2.88
intention	2.05
interaction	3.01
intérêt	2.71
interlocuteur	3.41
interprétation	2.64
interrogation	3.48
interrupteur	4.28
intervalle	2.96
intervenant	3.3
intervention	2.94
intimidation	3.05
intimité	3.16
intrigue	2.86
introduction	3.13
intromission	3.07
intuition	2.91
invasion	3.44
invention	3.58
inverse	2.89
investissement	3.04
invitation	3.54
invitée	3.88
iode	4.23
ion	3.57
ire	1.94
ironie	2.5
irruption	4.03
isolement	3.28
isthme	2.22
ivoire	5.02
ivre	4.98
ivresse	3.92
jacquard	2.42
jade	4.26
jaguar	6
jais	3.15
jalon	2.28
jalouse	3.22
jalousie	2.87
jaloux	3.19
jambe	5.41
jambon	6.06
jante	2.07
janvier	4.02
jaquette	5.1
jardin	5.35
jardinier	5.09
jargon	3.07
jars	4.4
jatte	2.07
jauge	2.81
jaune	5.87
javelot	5.12
jazz	4.31
jeep	6.14
jet	5.2
jeton	5.32
jeu	4.47
jeudi	3.73
jeun (à)	3.08
jeûne	4.53
jeunesse	3.62
job	4.43
joie	3.61
joindre	3.8
joint	4.43
jointe	3.38
jonc	4.73
jonction	3.41
jonque	2.42
jouable	2.91
joue	5.21
jouer	4.74
jouet	5.85
joug	2.62
jouir	4.43
jouissance	3.55
joule	2.62
jour	4.23
journal	5.48
journaliste	4.67
journée	3.68
joute	4.05
joyau	3.68
juge	4.85
jugement	2.46
juillet	3.66
juin	4.51
juive	4.51
juke-box	5.63
jules	2.62
jumelles	5.86
jument	5.31
jungle	5.25
junte	2.21
jupe	5.96
juron	3.04
jury	4.79
jus	5.74
juste	3.13
justesse	2.58
justice	2.76
justicier	3.04
justification	2.63
jute	3.34
kangourou	6.15
kayak	5.97
képi	2.94
kermesse	2.32
kérosène	3.34
khôl	2.67
kif	2.24
kilomètre	3.26
kilt	4.15
kiosque	5.23
kir	2.21
kiwi	6.14
klaxon	5.06
koala	6.13
krach	3.22
krill	2.35
kyste	3.67
labeur	2.45
laboratoire	5.12
laboureur	4.48
labyrinthe	5.69
lac	5.44
lacet	5.48
lâcheté	2.86
lâcheuse	2.41
lacs	5.02
lactation	3.16
lacune	3
laid	4.65
laide	4.6
laideur	3.67
laie	2.58
laine	5.37
laisse	3.48
lait	5.46
laite	2.69
laitier	4.55
laitue	5.66
lama	5.55
lambeau	3.76
lame	5.34
lamelle	4.35
lampadaire	5.7
lampe	5.5
lance	4.47
lancement	3.39
lance-pierre(s)	5.22
lancer	4.26
landau	3.29
lande	2.81
langage	2.85
lange	3
langoureux	2.52
langue	5.31
languette	3.62
lanière	3.47
lanterne	5.41
lapin	5.96
laps	3.06
lapsus	2.67
laquais	2.99
laque	2.71
lard	4.5
lare	2.31
large	4.75
largeur	3.87
larme	5.32
larron	2.52
larve	4.95
las	2.8
lasse	3.22
lassitude	2.53
lasso	4.81
latte	3.17
lauréat	3.01
laurier	4.05
lavabo	5.64
lavage	4.63
lave	4.71
laveuse	5.44
lèche	4.18
lèchement	4.48
lécher	5.02
leçon	3.29
lecteur	4.34
lectrice	3.83
lecture	3.58
légalité	2.78
légende	3.44
législation	2.71
legs	4.74
légume	5.7
lemme	1.9
lendemain	2.6
lent	3.96
lente	4.05
lenteur	3.16
lentille	5.57
léopard	6.07
lèpre	4.34
lesbianisme	4.08
lesbienne	4.35
lésion	4.35
lest	2.36
leste	2.43
lettre	5.42
lettres	5.92
leurre	2.76
levée	3.17
lever	3.98
levier	4.7
lèvre	5.9
lèvres	6.1
levure	4.6
lexique	3.5
lézard	6.09
liage	2.71
liaison	3.43
liane	4.6
liant	2.49
liante	2.33
liard	2.39
liasse	3.52
libellule	5.95
libérale	2.52
libération	2.98
liberté	2.83
libido	2.91
libraire	4.71
librairie	5.27
libre	3.67
lice	3.45
licence	5.11
licorne	5.57
lie	3.05
liège	5.05
lien	2.92
lier	4
lierre	3
liesse	2.96
lieu	3.48
lieue	3.01
lieuse	2.46
lieutenant	4.11
lièvre	5.85
ligament	4.55
ligne	5.26
ligue	4.28
lilas	6.05
limace	4.93
limande	2.37
limbes	3.2
lime	5.69
limite	3.06
limonade	5.7
limousine	6
lin	4.05
linge	5.29
lingerie	5.43
linguistique	2.69
lion	5.68
lionceau	5.17
lionne	5.68
liqueur	5.15
liquide	5.31
lis	4.35
lisière	3.39
lisse	4.14
liste	5.46
lit	5.57
litière	5.34
litre	4.76
littérature	3.09
livre	5.99
livret	5.57
livreuse	3.68
lob	3.24
lobe	5.33
local	4.33
location	3.21
loch	2.54
loche	2.45
locomotive	5.82
locution	2.45
loge	4.8
logement	5.1
logiciel	4.07
logicien	2.05
logique	2.21
logis	4.06
loi	3.01
loin	4.15
loir	2.46
loisir	3.53
lombes	2.31
long	4.56
longe	3.23
longue	4.46
longueur	4.03
loque	3.08
lord	3.59
lors	2.52
losange	5.54
lot	3.92
lotion	5.08
lotte	2.76
louable	3
louage	2.69
louange	2.97
louche	4.57
louer	3.69
loueur	2.99
loueuse	2.61
louis	3.17
loup	5.77
loupe	5.87
lourd	4.48
lourde	4.07
loutre	4.65
louve	5.28
louveteau	4.92
loyauté	2.84
loyer	4.03
lubie	2.05
lubrifiant	4.66
lubrification	4.23
lubrifier	4.23
lucarne	3.3
lucidité	2.54
luette	3.54
lueur	4.27
luge	5.33
luire	3.99
lumière	4.96
lunch	4.97
lundi	3.59
lune	5.57
lunette	5.79
lunettes	6.17
lustre	4.82
luth	2.42
lutin	5.25
lutte	4.58
lutteur	4.98
luxe	4.76
lynx	5.67
lyre	3.5
lyrisme	2.15
lys	5.49
macaron	5.44
macaroni	6.08
mâche	3.96
machin	2.62
machine	4.63
mâchoire	5.41
maçon	3.36
madame	5.12
mademoiselle	4.03
madrier	3.98
magasin	5.29
magazine	5.72
mage	4.26
magicien	4.98
magie	4.36
magnétophone	5.33
mai	4.24
maigre	5.06
mail	4.4
maille	4.33
maillet	3.15
maillon	4.16
maillot	5.39
main	5.62
mainmise	2.15
maint	2.45
mainte	2.52
maintien	2.71
maire	4.91
mairie	3.43
maïs	6.13
maison	5.62
maisonnette	5.29
maître	4.15
maîtresse	4.27
maîtrise	3.15
majesté	4.1
majorité	3.44
mal	3.36
malade	4.31
maladie	4.05
maladresse	3.14
malaise	3.21
mâle	5.72
malentendu	2.69
malheur	2.72
malice	2.79
malle	4.49
mallette	4.95
malt	2.87
maman	5.25
mamelle	4.75
mamelon	5.64
mammouth	5.8
manche	5.68
mandat	3.22
mandoline	4.34
manège	5.07
manette	5.16
mangue	5.24
manie	2.93
manière	2.28
manifestation	3.6
manivelle	4.05
manne	3.38
manoeuvre	3.45
manoir	4.98
manque	2.53
mansarde	1.88
mante	3.29
manteau	5.66
manuel	5.06
mappemonde	4.02
maquillage	5.67
maraca(s)	5.26
marais	4.53
marathon	4.67
marbre	5.26
marc	3.82
marcassin	2.54
marchand	4.49
marchande	3.6
marchandise	4.27
marché	4.78
marche	5.55
mardi	3.23
mare	4.76
marécage	5.03
maréchal	2.88
maréchale	2.51
marée	4.97
marelle	4.42
margarine	5.97
marge	4.9
margelle	1.81
marginal	2.19
marguerite	5.81
marguillier	1.97
mari	4.71
mariage	4.84
marin	4.97
marine	4.47
marionnette	5.17
marmelade	5.14
marmite	5.87
marmotte	5.54
marque	4.38
marquis	3.39
marquise	3.26
marraine	4.08
marron	4.63
mars	4.85
marteau	5.65
martre	2.48
mas	3.13
masochisme	3.54
masque	5.18
massage	5.11
masse	3.93
massue	3.75
masturbation	5.11
masturber	5.26
mat	3.13
mât	5.34
match	5.11
mate	2.61
matelas	5.98
matelot	4.98
matériau	4.14
matériel	3.62
mathématicienne	3.41
maths	4.88
matière	2.9
matin	3.98
matinée	3.96
matou	4.41
matrice	3.25
maturité	3.02
maure	2.48
mauve	5.69
maximum	2.52
mayonnaise	5.46
mec	5.13
mécanique	3.86
mécanisme	2.91
méchanceté	2.85
mèche	5.57
médaille	5.73
médaillon	5.12
médecin	5.36
médecine	3.81
médiante	2.54
médicament	4.73
méditation	3.49
méduse	4.31
méfait	2.5
méfiance	2.93
mégot	4.1
mélancolie	2.83
mélange	3.94
mélangeur	5.13
mélasse	5.5
mélèze	3.23
mélodie	3.11
melon	6.05
membre	4.21
même	2.69
mémoire	2.02
menace	3.13
ménage	3.95
ménagère	4.37
mendiant	4.44
menhir	3.18
ménopause	3.06
menotte	5.63
mensonge	3.17
menstruation	4.69
menstruel	3.67
mentalité	1.88
menteuse	2.71
menthe	5.2
mention	2.84
menton	5.77
menu	5.02
menuisier	4.54
mépris	2.61
mer	5.49
mercredi	3.38
merde	5.11
mère	5.29
merisier	4.28
mérite	2.87
merle	4.95
merveille	3.24
mésange	4.5
mésaventure	3.05
mésencéphale	3.34
message	4.17
messe	5.1
mesure	3.52
métabolisme	3.28
métal	4.5
métaphore	2.95
métaphysique	1.59
météo	4.21
méthode	2.41
métier	3.68
mètre	4.61
métro	5.22
mets	4.53
mettre	3.74
meuble	5.87
meuglement	2.48
meule	3.88
meunier	3.65
meurtre	5.14
meurtrier	4.09
meute	4.17
mexicain	4.96
miche	4.12
microbe	4.35
microscope	5.69
midi	4.09
mie	4.41
miel	5.45
mien	3.07
miens	2.94
miette	5.62
mièvre	2.23
migraine	3.19
migration	3.83
mil	3.09
mile	3.65
militaire	5.22
mille	4.4
milliard	3.38
millier	3.26
million	3.97
mince	5.06
mine	5.29
minéral	3.6
mineur	4.51
minimum	2.36
ministère	3.31
ministre	4.1
minorité	3.21
minuit	4.08
minute	3.64
mioche	2.93
miracle	3.35
mirage	4.24
mire	3.66
miroir	5.43
mise	3.21
misère	3.03
misogyne	2.16
mission	3.29
missionnaire	4.41
mitaine	5.56
mite	3.71
mitraillette	5.74
mitrailleuse	5.33
mitre	2.52
mixage	3.3
mixité	2.7
mobilier	4.33
mobilisation	3.09
modalité	2.63
modèle	4.03
modestie	2.7
modification	2.79
module	3.24
moelle	4.37
moeurs	2.87
moi	4.43
moindre	2.97
moine	5.2
moineau	5.09
moire	2.31
mois	3.67
moisson	3.59
moite	4.06
moitié	4.26
molaire	5.2
môle	2.72
molécule	4.47
molle	4.48
mollet	5.61
mollusque	4.84
môme	3.97
moment	2.05
momie	5.81
monarchie	3.52
monastère	4.44
monceau	1.69
monde	4.56
moniteur	4.92
monitrice	4.07
monnaie	5.45
monogamie	3.48
monologue	3.77
monopole	3.03
monsieur	4.81
monstre	5.71
mont	5.61
montage	4.08
montagnard	4.27
montagnarde	3.47
montagne	5.57
montant	3.3
monte	3.9
monte-pente	5.18
montgolfière	6.16
monticule	3.39
montre	5.68
monture	4.27
monument	4.86
moquette	3.76
moral	2.76
morale	2.3
moralité	2.57
morceau	4.5
mordre	4.91
more	2.67
morgue	5.01
morosité	2.31
morphine	3.29
mors	2.95
morse	4.35
morsure	4.5
mort	4.19
morte	5.08
mortier	3.65
morue	5.48
morve	5.03
mot	4.28
motard	5.05
motel	5.7
moteur	5.3
motif	3.37
motion	2.9
motivation	2.9
moto	5.59
motte	3.43
mou	4.42
mouche	5.46
moucheron	3.42
mouchoir	5.36
moudre	3.58
moue	3.84
mouette	5.3
moule	5.34
moulin	5.25
moulinet	3.73
moult	2.37
moulure	4.67
mousquetaire	5.3
mousse	5.03
moustache	5.5
moustique	5.93
moût	2.69
moutarde	5.25
mouton	5.57
mouvement	3.97
moyen	2.59
moyenne	3.17
moyeu	2.07
mue	3.17
muer	3.89
muet	3.81
muette	3.85
mufle	4.02
muguet	4.1
mule	4.91
mulet	4.14
mulot	4.84
multiple	3.23
multiplication	3.93
multitude	3.08
municipalité	3.72
mûr	4.36
mur	5.17
muraille	5.3
mûre	4.32
muret	3.36
murmure	3.86
musaraigne	2.65
musc	2.07
muscle	4.7
muse	3.65
museau	5.33
musée	5.31
muselière	4.15
musicien	5.26
musicienne	4.77
musique	4.32
mutation	3.47
mutisme	2.68
mycose	2.1
myrrhe	2.76
myrte	2.43
mystère	2.94
mythe	2.9
n(-)ième	2.44
nacre	3.17
nage	4.88
nageur	5.2
nageuse	4.89
nain	5.28
naine	5.03
naissance	4.84
naïveté	2.82
nappe	5.84
narine	5.41
narrateur	3.43
narration	3.2
nasillement	2.02
nasse	2.23
nation	3.15
natte	4.36
nature	4.66
naufrage	4.36
navet	5.82
navette	5.26
navigateur	4.31
navigation	3.9
navire	5.94
né	4.35
néant	3.17
nécessité	2.25
née	4.18
nef	2.85
nèfle	2.42
négatif	3.23
négation	3
négociateur	2.84
négociation	3.09
nègre	5.73
neige	5.69
néon	4.73
nerf	4.52
nervosité	3.38
net	4.21
nette	4.17
netteté	3.5
neuf	5.14
neutralité	2.87
neutre	3.31
neuve	4.15
neveu	4.46
nez	6.14
niais	2.53
niaise	3.44
niche	5.56
nicotine	4.01
nid	5.43
nièce	4.55
nielle	2.15
nier	3.39
nimbe	2.43
nippe(s)	2.56
nique	2.36
niveau	3.13
noble	4.01
noblesse	3.36
noce	4.84
noeud	5.5
noir	5.37
noire	5.63
noise	2.74
noisetier	3.83
noisette	5.8
noix	5.49
nom	3.9
nombre	4.08
nombril	5.89
nonce	2.23
nonne	3.64
nord	4.4
norme	2.59
nostalgie	2.37
notaire	3.97
note	5.13
notion	2.19
notre	2.78
nôtre	2.91
nôtres	2.66
nouer	4
noueuse	2.61
noueux	3.74
nougat	3.58
nouille	5.93
nourrisson	4.73
nourriture	5.23
nouveauté	3.04
nouvelle	3.31
novembre	3.47
noyau	5.6
nu	5.12
nuage	5.61
nuance	3.14
nudisme	4.4
nudité	5.05
nue	5.06
nuée	3.02
nuire	3.21
nuit	4.65
nuitée	3.02
nul	3.22
nulle	3.31
numéro	4.73
nuptial	2.9
nuque	5.42
nylon	4.92
nymphe	3.74
nymphomane	3.33
oasis	4.91
obéissance	3
objectif	3
objection	2.89
objectivité	2.62
objet	3.94
obligation	2.42
obscène	2.82
obscénité	2.89
obscurcissement	2.92
obscurité	4.11
observateur	3.43
observation	3.13
obsession	3
obstacle	3.81
obus	2.92
occasion	2.49
occupation	2.79
océan	5.84
ocre	3.27
octave	3.9
octet	3.01
octobre	4.04
octroi	2.27
ode	2.69
odeur	3.13
odorat	3.19
oedème	2.9
oeil	5.82
oeillet	4.8
oeuf	5.66
oeufs	6.12
offense	2.9
officier	4.5
offre	3.1
ogre	4.78
ohm	2.71
oie	5.66
oignon	6.18
oïl	2.92
oindre	2.53
oint	2.66
ointe	2.53
oiseau	5.79
olfaction	2.57
olive	6.2
olivier	4.95
omble	2.39
ombrage	4.91
ombre	5.04
omelette	5.63
once	3.85
oncle	4.85
onctuosité	2.41
onde	4.45
ongle	5.51
onguent	4.43
onze	5.58
opéra	4.92
opérateur	3.86
opération	4.33
opercule	2.25
opinion	2.57
opportunité	2.65
opposition	3.1
optimisme	2.62
option	2.11
or	5.5
orage	5.02
oral	4.08
orange	5.64
orbe	2.36
orchestre	5.64
ordinaire	2.87
ordinateur	5.85
ordonnance	3.29
ordre	3.11
ordure	4.93
oreille	5.6
oreiller	5.54
oreillette	3.16
organe	4.81
organisateur	3.43
organisation	2.77
organisme	3.76
orgasme	4.59
orge	4.39
orgie	4.88
orgue	5.31
orgueil	2.54
orgues	4.83
orientation	3.06
orifice	4.38
originalité	2.4
origine	2.83
orme	3.51
ornement	4.33
ornière	2.34
ornithorynque	4.18
orteil	6.17
orthographe	3.69
os	6.07
ossature	4.21
osselet	4.31
otage	3.99
ouaille(s)	2.56
ouais	2.66
ouate	5.57
oubli	2.99
ouest	4.5
ouille	2.76
ouragan	5.44
ourlet	3.22
ours	6.13
ourse	5.56
oursin	4.86
ourson	6.03
oust	2.44
ouste	2.69
outil	5.12
outre	2.5
ouverture	4.21
ouvrage	3.56
ouvrier	4.62
ovulation	3.12
ovule	4.91
ovuler	3.24
oxygénation	3.19
pacotille	2.49
pacte	3.72
page	4.18
pagne	2.69
paie	4.02
paiement	3.73
paillasson	3.96
paille	5.25
paillis	2.13
pain	5.57
pair	4.12
paire	4.33
pal	2.76
palace	4.43
palais	5.5
pale	4.12
pâle	4.12
palette	4.15
pâleur	3.96
palier	3.84
palissade	3.68
palme	5.05
palmier	5.81
pampre	2.29
pan	4.25
panache	4.1
panais	2.75
panda	6.08
panier	5.31
panique	3.45
panne	3.98
panneau	5.3
panse	3.12
pantalon	5.52
panthère	5.98
pantin	4.22
pantoufle	6.11
paon	5.29
paonne	3.41
papa	5.25
pape	5.67
papier	5.48
papillon	5.57
pâque	4.57
paquebot	4.93
paquet	4.96
parachute	5.97
parade	5.11
paradis	3.95
paradoxe	2.52
paragraphe	4.88
paramètre	3.23
parapluie	5.79
parasite	4.26
parasol	5.83
paratonnerre	3.85
parc	5.48
parchemin	4.66
parcours	3.75
pare-chocs	4.53
pareil	3.23
parent	5.19
parenté	3.88
parenthèse	5.28
paresse	3.1
paresseux	3.84
parfum	4.72
pari	3.46
parlement	5.07
parleur	3.4
parloir	3.57
parodie	2.78
paroi	4.05
parole	2.93
parquet	3.7
parrain	4.11
part	3.29
partage	3.53
partenaire	4.33
partenariat	3.08
parterre	4.54
parti	3.12
participant	3.81
participante	3.42
participation	3.12
participe	2.85
partie	3.34
partisane	2.9
partition	3.13
pas	4.45
passage	3.99
passager	4.36
passant	3.81
passé	2.48
passe	3.9
passeport	5.65
passerelle	4.54
passion	3.39
passoire	4.94
pastèque	4.41
pasteur	4.21
pastille	5.5
patate	5.62
pâté	5.19
pâte	5.86
patience	2.92
patient	4.21
patin	6.17
patinage	5.14
patineuse	5.33
pâtisserie	5.54
pâtissier	4.96
pâtre	2.88
patrie	3.28
patrimoine	3.07
patron	4.7
patronne	3.77
patrouille	4.35
patte	5.4
paume	5.61
paupière	5.84
pause	3.49
pauvre	4.83
pauvreté	3.46
pavé	4.99
pavillon	4.59
paye	4.61
pays	4.72
paysage	4.96
paysan	4.99
peau	5.1
péché	2.58
pêche	5.87
pêcheur	5.57
pédale	5.6
pédalo	5.73
pédéraste	2.83
pédérastie	2.73
pédophilie	3.65
pègre	3.15
peigne	5.51
peindre	4.89
peine	3.66
peintre	4.95
peinture	5.32
pelage	4.47
pèlerin	3.2
pélican	5.67
pelle	5.86
pelote	3.77
peloton	3.29
pelouse	5.77
pelure	5.33
pelvis	4.07
pence	2.61
penchant	3.17
pendaison	4.94
pendentif	5.09
pendre	4.96
pendule	5.61
pêne	2.46
pénétration	4.73
pénétrer	4.96
péniche	2.44
péninsule	4.08
pénis	5.82
pénitencier	4.74
penne	3.42
pensée	2.43
penseur	3.37
pension	3.46
pensionnat	3.99
pente	4.9
pénurie	2.85
pépin	5.11
pépinière	4.14
perception	2.76
perceuse	4.9
perche	4.95
perchoir	4.71
perdre	3.49
perdrix	5.02
père	5.22
perfection	2.82
performance	2.89
perfusion	2.62
péril	3.06
périnée	3.3
période	2.59
périphérie	3.44
perle	5.99
permanence	2.86
perme	2.49
permis	4.11
permission	2.81
perron	5.17
perroquet	6.15
perruche	5.61
perruque	5.88
pers	3.13
persil	5.75
personnage	3.91
personnalité	2.6
personne	4.91
perspective	2.65
perte	3.37
pervers	3.25
perversion	2.72
perversité	2.76
peste	3.95
pet	4.28
pétale	5.66
pétard	5
petit	4.32
pétition	3.9
pétrole	5
peu	3.3
peuple	4.97
peuplier	4.88
peur	3.27
phalange	3.95
phallique	3.69
phallus	4.03
phantasme	3.34
pharaon	4.64
phare	5.82
pharmacie	5.36
pharmacien	4.99
pharmacienne	4.61
phase	3.17
phénomène	1.96
philatélie	2.53
philosophie	2
philtre	3.6
phobie	3.64
phoque	6
photo	5.47
photographe	4.96
photographie	5.57
phrase	4.07
piaf	2.81
pianiste	5.58
piano	5.84
piastre	4.88
piaule	3.67
pic	4.97
pichet	5.17
pièce	4.78
pied	5.58
piège	4.66
pierre	5.62
piété	2.64
piéton	5.2
piètre	2.86
pieu	3.56
pieuse	3.42
pieuvre	5.88
pieux	3.71
pige	3.52
pigeon	5.63
pigeonnier	4.06
pignon	4.58
pile	5.08
pilier	4.04
pillage	2.88
pilon	4.13
pilote	5.36
pilule	5.64
piment	6.05
pin	5.28
pince(s)	5.79
pinceau	5.98
pincée	4.57
pingouin	6.18
ping-pong	5.86
pingre	2.46
pinson	4.71
pinte	4.42
pioche	4.84
piolet	2.45
pion	5.05
pionne	2.82
pionnière	2.93
pipe	5.7
piquant	4.15
piquet	4.79
piqûre	5.39
piratage	3.57
pirate	5.78
pire	2.79
pirouette	5.12
pis	3.06
piscine	5.73
pisse	4.54
pissenlit	5.98
piste	5.53
pistolet	5.77
piston	4.75
pitié	3.01
pitre	2.99
pizza	6.23
pizzeria	5.71
placard	4.88
place	3.4
placement	2.99
plafond	5.36
plage	5.39
plagiat	3.64
plaie	5.29
plaindre	3.47
plaine	4.56
plainte	2.79
plaire	3.2
plaisanterie	3.28
plaisir	3.51
plan	4.17
planche	5.25
plancher	5.31
plane	4.24
planète	5.32
planification	2.99
planque	2.76
plant	3.96
plante	5.67
plaque	4.88
plaquette	4.19
plastique	5.3
plat	4.85
platane	2.42
plate	4.33
plateau	4.7
platonique	2.38
plâtre	5.37
plèbe	2.54
plein	4.63
pleine	4.26
plénitude	2.67
pleur	4.31
pleurs	4.39
pleutre	2.37
pli	5.08
plie	4.2
plinthe	3.13
plomb	4.65
plombier	4.75
plonge	4.71
plongeon	5.33
plongeur	5.27
plongeuse	4.7
pluches	3.95
pluie	5.42
plumage	4.97
plume	5.51
pluriel	3.28
plus	3.86
pneu	6.08
poche	5.14
pochette	5.15
poêle	5.7
poème	4.19
poésie	3.72
poète	3.95
poids	4.54
poignard	5.36
poigne	3.64
poignée	5.08
poignet	5.5
poil	5.99
poinçon	4.78
poinçonneuse	4.72
poindre	2.4
poing	5.55
point	5.23
pointage	4.04
pointe	4.73
pointure	3.86
poire	5.76
poireau	5.17
pois	5.74
poison	4.86
poisse	2.56
poisson	5.54
poitrine	5.51
poivre	5.37
poivron	5.9
poix	3.09
pôle	4.84
police	5.5
policier	5.33
polissage	3.63
polisseuse	3.53
politesse	3.04
politicien	4.36
pollen	4.81
pollution	4.28
polonaise	3.27
poltronne	2.27
polygamie	3.54
polyvalence	2.68
pomme de terre	6.23
pomme	5.67
pommette	5.3
pommier	5.54
pompe	5.57
pompier	5.66
pompon	5.56
pondre	4.61
poney	5.51
pont	5.54
ponte	2.76
pont-levis	4.07
population	4.2
porc	5.75
porche	4.94
pore	4.64
pornographie	4.76
port	5.36
portail	3.88
porte	5.58
portée	3.38
portefeuille	5.54
portemanteau	5.33
porteur	3.74
porteuse	3.27
portier	4.7
portière	4.3
portion	3.75
portrait	4.88
portugais	3.45
pose	3.49
position	3.27
possession	2.42
possibilité	2.22
possible	2.41
poste	4.26
posture	3.81
pot	5.81
potage	4.67
potager	4.84
pote	3.2
poteau	5.41
poterie	5.05
potin	2.83
potion	4.2
potiron	2.92
pou	4.58
poubelle	5.64
pouce	5.54
pouding	5.89
poudre	5.21
poudreuse	3.33
pouilles	2.28
poulailler	5.31
poulain	4.83
poule	5.66
poulet	6.11
poulie	5.09
poulpe	2.8
pouls	4.48
poumon	5.72
poupe	3.27
poupée	5.54
poupon	4.61
pourboire	4.73
pourcentage	4.07
poursuite	3.54
pousse	3.9
poussée	3.82
poussette	5.64
poussière	4.81
poussin	6.19
poutre	5.03
praire	2.31
prairie	5.24
praline	3.87
praticien	2.96
pratique	2.36
pré	4.36
préavis	2.53
précaution	2.79
précepte	2.14
précepteur	2.05
prêche	3.07
prêcheur	3.8
précipité	3.18
précis	2.94
précision	2.92
prédicat	2.48
prédicateur	2.54
prédiction	2.51
préface	3.14
préférence	2.72
préfet	2.66
préjugé	2.71
prêle	2.45
prélude	2.73
prémisse	2.39
prendre	4.2
prénom	4.12
prénommé	2.28
préoccupation	2.71
préparation	2.95
préposition	2.79
prépuce	4.66
présence	2.76
présent	3.13
présentation	3.42
présentoir	3.94
préservatif	3.92
président	4.98
présidente	4.17
presse	4.7
pressentiment	2.71
pression	3.5
prestation	2.95
preste	2.2
prestige	2.86
prêt	3.47
prête	3.18
prétention	2.7
prétexte	2.57
prêtre	5.25
preuve	2.72
preux	2.59
prévention	2.76
prévision	2.26
prière	4.44
prime	3.14
prince	5.74
princesse	5.69
principe	2.52
printemps	4.8
priorité	2.72
pris	3.29
prise	2.65
prisme	5.23
prison	5.37
prisonnier	5.12
prisonnière	4.36
privilège	2.39
prix	4.13
probabilité	2.64
probe	2.48
problème	2.66
procédé	2.71
procédure	2.79
procès	3.78
procession	2.56
processus	2.76
proche	4
proche(s)	3.84
procréation	3.19
procréer	3.65
procureur	3.47
production	2.76
productrice	2.46
produit	3.33
prof	5.51
professeur	5.08
professeure	5.08
profession	3.24
professionnel	3.03
profil	3.8
profit	3.33
profondeur	3.72
programmation	3.04
programme	3.74
progrès	2.59
progression	2.85
proie	4.68
projecteur	4.9
projectile	4.36
projection	3.21
projet	3.1
promenade	4.22
promesse	2.74
promiscuité	2.87
promotion	3.16
prompt	3.03
prompte	3.01
prône	2.5
pronom	3.24
propagande	2.98
prophète	4.07
proportion	3.29
propos	2.17
proposition	2.69
propre	3.97
propreté	3.55
propriétaire	3.77
propriété	3.88
propulseur	3.36
prose	3.17
prostitué	4.64
prostituée	5.01
prostitution	4.27
protection	3
protestante	2.51
protestation	3.58
protocole	2.99
prototype	3
prou	3.32
proue	3.75
proverbe	2.97
province	4.27
provision	3.41
provocante	3.62
provocation	2.4
provoquer	3.03
proximité	3.33
prude	2.57
prudence	3.02
prune	5.82
pruneau	5.61
prunelle	3.43
prunier	5.25
psaume	3.63
puant	3.75
puante	3.71
pubère	2.99
puberté	3.59
pubien	3.74
pubis	4.66
public	4.61
publication	3.41
publicité	4.34
puce	5.29
pudeur	2.74
puer	3.83
puissance	2.97
puits	5.33
pull	4.02
pull-over	4.91
pulpe	4.81
pulsion	3.02
punaise	4.75
punition	3.62
pupille	5.9
pupitre	6
pur	3.39
purée	5.36
pureté	2.7
purgatoire	3.29
purge	3.47
puritaine	2.22
pus	4.38
putain	4.58
puzzle	5.8
pyjama	5.59
pylône	4.04
pyramide	6.16
python	4.98
quadrant	4.78
quadrupède	4.1
quai	5.71
qualification	2.78
qualité	3
quand	2.64
quant	2.39
quantité	3.27
quart	3.53
quarte	3.02
quartier	4.38
quartz	4.64
quatre	5.71
querelle	3.8
question	3.66
questionnaire	5.02
quête	3.62
queue	5.14
quiche	4.98
quiète	2.37
quille	5.98
quinte	3.08
quinze	5.39
quitte	3.52
quoi	2.97
quota	2.73
rabâchage	2.02
rabais	3.73
rabbin	3.21
rabot	2.94
race	4.39
rachat	2.49
racine	5.67
raclée	3.38
rade	2.39
radeau	5.06
radiateur	5.12
radio	5.7
radioguidage	2.4
radis	5.52
rafale	3.84
rafle	3
rage	3.2
ragoût	5.37
raid	2.99
raide	4.24
raideur	3.86
raie	3.98
rail	5.12
rais	2.49
raisin	5.61
raison	2.33
raisonnement	2.14
râle	3.01
rallye	3.53
rame	5.64
rameau	4.82
rameur	4.54
rampe	5.64
rance	2.44
rançon	3.44
rancune	2.77
randonnée	3.88
rang	3.84
râpe	4.86
rapidité	2.77
rappel	3.06
rapport	3.44
rapt	2.1
raquette	5.46
rare	3.11
rareté	2.78
ras	3.31
rasage	4.52
rase	4.29
rasoir	5.7
rat	5.69
rate	3.82
râteau	5.74
ration	3.02
raton	5.11
rauque	3.24
ravage	3.31
rave	3.22
ravin	4.66
ravisseur	2.57
rayon	4.94
rayure	4.65
raz	2.86
ré	4.12
réaction	3.06
réalisateur	3.3
réalisation	2.82
réalisme	2.58
réalité	2.43
rébellion	3.45
rebond	3.62
recel	2.01
réception	3.88
recette	4.65
receveur	3.64
rêche	2.59
recherche	3.25
récipient	4.18
réciprocité	2.63
récit	3.61
réclamation	2.83
récolte	4.19
recommandation	2.67
récompense	3.4
reconnaissance	2.58
recourbure	3.07
recours	2.55
récréation	4.12
recrue	3.27
recrutement	3.16
rectangle	5.58
recul	3.49
rédacteur	3
rédaction	3.67
réduction	2.9
réduit	2.95
référence	2.7
reflet	3.93
réflexe	3.71
réflexion	2.79
réforme	3
refrain	3.59
réfrigérateur	5.9
refuge	3.85
refus	2.99
régal	3.18
regard	3.85
régime	3
régiment	3.51
région	3.64
registre	3.51
réglage	2.88
règle	5.4
règlement	3.14
réglementation	2.89
règles	4.39
règne	3.44
regret	2.51
régulateur	2.88
rein	5.23
reine	5.44
rejet	2.58
relais	3.54
relation	2.59
relativité	1.9
relaxation	3.49
relève	2.88
relevé	3.36
relief	4.04
religieuse	5.28
religion	3.25
reliure	4.23
remarque	2.41
remboîtage	3.05
remède	4.69
remerciement	3.13
remise	4.09
remords	2.79
remorqueur	4.65
remoulage	2.71
remous	3.06
rempart	3.16
remplacement	3.09
rémunération	3.2
renaissance	3.17
renard	5.62
rendement	2.83
rendre	3.61
rêne	4.7
renfort	3.18
renne	4.75
renom	2.33
renseignement	3.07
rente	2.82
renvoi	2.69
réparation	3.29
répartition	3.08
repas	5.08
répertoire	3.42
répéteur	2.97
répétition	3.21
répit	2.73
repli	3.81
réplique	3.16
réponse	2.89
reporter	3.76
repos	3.58
représentante	3.39
représentation	2.63
reprise	2.86
reproche	2.51
reproducteur	3
reproduction	3.66
république	2.89
réputation	2.84
requête	2.83
requin	6.16
réseau	3.49
réservation	3.07
réserve	3.48
réservoir	4.94
résidence	4.36
résidente	3.12
résine	4
résistance	2.8
résolution	2.85
respect	2.93
respiration	4.05
responsabilité	2.93
ressemblance	3.22
ressort	4.85
ressource	3.23
restaurant	5.52
restauration	3.57
reste	2.62
résultat	3
retard	3.08
rétention	2.89
retentissement	2.32
retenue	3.1
rétine	4.62
retour	2.8
retrait	3.24
rétroprojecteur	5.33
rets	1.95
réunion	3.8
réussite	2.95
revanche	2.73
rêve	3.72
réveil	4.05
révélation	2.9
revenu	3.36
réverbère	3.48
révérence	3.23
rêverie	3.24
rêveuse	3.22
révision	3.07
révolte	3.49
révolution	3.16
revolver	5.59
revue	5.25
rhétoricien	1.72
rhinocéros	6.08
rhum	5.4
rhume	4.65
riant	4.38
riante	4.11
riche	5.11
richesse	3.6
ride	4.98
rideau	5.75
rien	3.17
rieur	4.29
rieuse	4.47
rigide	3.86
rigole	3.19
rigueur	2.61
rime	3.62
rires	4.54
risée	2.53
risque	3.34
rite	3.04
rituel	3.61
rivage	4.42
rival	3.28
rivalité	3.11
rive	5.14
rivière	5.46
rixe	2.23
riz	5.97
robe	6.07
robinet	5.74
robot	6.08
roc	4.51
roche	5.51
rocher	5.38
rock	4.84
rogne	2.75
rogue	2.54
roi	5.22
rôle	3.08
roman	4.93
romancier	3.66
romancière	3.2
romanichel	2.07
romantisme	3.33
rompre	3.77
ronce	3.12
rond	5.15
ronde	5.08
rondelle	5.53
rondin	3.02
roquette	2.49
rose	6.02
roseau	4.67
rosée	4.76
rosette	4.82
rosier	5.15
rosse	2.56
rossignol	5.25
rostre	2.18
rôt	3.38
rot	3.93
rotule	4.54
rouage	3.22
rouble	3.27
roué	2.62
roue	5.69
rouée	2.88
rouelle	2.62
rouer	2.87
rouet	4.24
rouf	2.23
rouge	5.84
rougeur	4.86
rouille	5.44
rouir	2.26
rouleau	5.13
roulement	3.75
roulette	4.72
roulotte	5.63
rousse	5.62
route	5.63
roux	5.37
royaume	4.54
ru	2.25
ruade	2.55
ruban	5.69
rubis	5.09
rubrique	3.42
ruche	5.3
rude	4.24
rudesse	3.24
rue	5.29
ruée	3.61
ruelle	5.18
ruer	3.36
ruine	4.78
ruisseau	5.64
rumeur	2.9
rupture	3.65
ruse	3.12
russe	4.35
rustre	2.84
rut	3.01
rythme	3.32
sable	5.32
sablier	5.65
sabot	5.25
sabotage	3.19
sabre	5.03
sac	5.38
sachet	4.97
sacoche	5.86
sacre	3.55
sacrifice	3.18
sadique	3.26
sadisme	2.97
sadomasochisme	3.52
sadomasochiste	3.78
sage	3.82
sagesse	2.94
sain	3.43
saine	3.41
saint	3.62
sainte	3.32
saisie	3.04
saison	4.22
saisonnier	3.25
salade	5.51
salaire	3.9
salarié	3.32
salaud	3.45
saleté	4.35
salière	5.32
salive	5.4
salle	5.14
salon	5.39
salope	3.43
salut	3.87
salutation	3.76
salve	2.6
samedi	3.34
sanction	2.87
sanctuaire	3.86
sandale	5.29
sandwich	5.84
sang	5.47
sangle	3.56
sanglier	5.5
sanglot	4.48
santé	2.98
saoul	4.55
saoule	4.51
sape	2.67
sapin	5.82
sapinière	4.32
sardine	5.81
sas	2.49
satellite	5.66
satin	4.63
satire	2.71
satisfaction	2.85
satisfaire	2.86
satisfait	3.06
sauce	5.8
saucisse	6.12
saucisson	5.55
sauf	2.65
sauge	3.24
saule	4.49
saumon	6.03
saut	4.98
saute	4.86
sauterelle	5.87
sauvage	3.66
sauve	3.04
sauveteur	4.09
savane	4.06
savant	3.66
saveur	3.22
savon	5.5
saxophone	5.4
sbire	1.96
scalp	4.58
scalpel	5.02
scandale	3.15
scaphandrier	3.58
scarabée	4.73
sceau	5.11
scélérat	1.91
scellage	2.93
scénario	3.6
scène	4.13
sceptre	3.44
schéma	3.68
schisme	2.59
schiste	2.56
sciage	4.38
scie	5.85
science	3.38
scientifique	4.08
scier	5.19
scieur	4.33
scission	2.56
sciure	3.88
score	4.32
scorpion	5.91
scotch	5.51
scout	5.35
scoute	4.64
scoutisme	3.7
scrotal	3
scrotum	4.93
scrupule	2.74
scrutin	3.68
sculpteur	4.48
sculpture	5.23
séance	2.72
seau	5.75
sec	4.06
sécateur	3.34
séchage	3.92
sèche	4.05
sécheresse	4.33
sécheuse	5.62
séchoir	5.89
seconde	3.07
secours	3.25
secousse	3.43
secret	3.24
secrétaire	5
secrétariat	4.61
secte	4.58
secteur	2.81
section	3.39
sécurité	3.11
séducteur	3.55
séduction	3.32
séductrice	3.71
séduire	3.52
séduisant	3.77
seiche	2.52
seigle	3.8
seigneur	4.11
sein	5.74
seize	5.57
séjour	3.24
sel	5.38
sélection	2.93
selle	5.11
sellier	3.35
semaine	3.68
semelle	5.39
semence	3.9
séminaire	3.53
semonce	2.13
sénat	3.96
sénateur	3.85
sens	2.74
sensation	2.96
sensibilité	2.82
sensible	3.07
sensualisme	3.07
sensualité	3.24
sensuel	3.47
sente	2.49
senteur	2.79
sentier	4.86
sentiment	2.77
sentinelle	3.67
seoir	2.37
séparation	3.58
sept	5.42
septembre	3.58
séquence	3.12
sérénité	2.47
serf	4.07
serge	3.38
sergent	4.35
série	2.72
sérieux	3.34
serin	3.46
seringue	5.56
serment	3.32
sermon	3.36
serpe	3.23
serpent	5.84
serre	4.87
serre(s)	4.63
serre-joints	3.36
serrure	5.42
sérum	3.93
servante	4.86
service	2.75
serviette	5.47
serviteur	4.5
servitude	2.73
session	3.06
seuil	4.07
seul	4.74
seule	3.95
sève	4.82
sévérité	3
sexe	4.89
sexisme	2.8
sexiste	3.03
sexologie	3.04
sexologue	4.01
sextant	2.35
sexualiser	2.85
sexualité	3.76
sexuel	3.48
sexy	4.46
shampooing	5.87
si	2.94
siamois	4.91
siècle	2.41
siège	5.64
sieste	4.62
sieur	3.39
sifflement	3.98
sifflet	5.41
sigle	3.92
signal	3.92
signature	4.82
signe	3.83
signification	1.81
silence	3.27
silencieux	3.33
silhouette	5.1
sillage	2.82
sillon	4.04
silo	4.27
simple	2.91
simplicité	2.43
simulation	2.95
sincérité	2.55
singe	5.88
sinistre	3.16
sire	3.48
sirène	5.62
sirop	5.63
sis	2.27
sise	2.28
site	3.9
situation	2.59
six	4.92
sixte	2.42
ski	5.6
skier	5.83
skieur	5.48
skieuse	5.44
slave	3.41
slip	4.49
snob	4.34
sobre	3.42
sobriquet	2.4
soc	2.7
société	3.13
socle	3.12
socque	2.27
sodomie	4.06
sodomiser	4.01
soeur	5.01
soeurette	3.64
sofa	5.75
soi	4.02
soie	5.16
soif	3.51
soin	3.74
soir	5.23
soirée	4.1
soit	2.44
sol	5.06
soldat	5.08
solde	4.35
sole	4.06
soleil	5.65
solidarité	3.04
solidité	3.34
solitaire	3.8
solitude	3.12
solliciteur	3.05
solution	2.85
solvabilité	2.33
sombre	4.73
sombrero	5.46
sommaire	3.05
somme	3.48
sommeil	4.13
sommet	5
sommier	3.37
somnambule	4.57
son	3.41
sonate	2.77
sondage	3.98
sonde	3.73
songe	2.5
sonnerie	4.55
sonnette	5.39
sonorité	2.85
sorbe	2.49
sorbet	5.13
sorcier	4.96
sorcière	5.33
sort	3.43
sorte	2.2
sortie	4.3
sot	3.28
sotte	2.73
sottise	2.79
sou	4.25
souche	4.7
souci	2.56
soucoupe	5.7
soude	2.94
soudure	4.5
soufflé	4.09
souffle	4.12
souffler	4.32
souffrance	3.16
soufre	3.75
souhait	3.01
soûl	4.46
soulagement	3.18
soûlard	4.13
soûle	4.6
soulèvement	3.36
soulier	5.54
soulte	2.35
soumettre	2.62
soumis	3
soumission	2.93
soupape	3.66
soupçon	2.92
soupe	5.63
souper	4.57
soupir	4
soupirant	3.33
soupirer	4.02
souplesse	3.56
source	4.43
sourcil	6.04
sourd	3.87
sourde	3.88
sourd-muet	3.79
sourire	5.65
souris	5.45
sous	4.86
soutane	3.74
soute	3.01
souterrain	4.44
soutien	3.19
souvenir	3.06
souvenirs	3.57
spaghetti	6.18
sparadrap	2.9
spasme	4.05
spatule	5.88
spécialiste	3.46
spécialité	2.57
spécification	2.78
spécimen	3.46
spectacle	4.79
spectateur	4.55
spectatrice	3.87
spectre	4.55
spermatozoïde	4.75
sperme	5.53
spermicide	4
sphère	5.66
sphinx	5.44
spirale	5.03
splendeur	2.94
spontanéité	2.4
spore	2.82
sport	5.13
squelette	6.13
stable	3.43
stade	4.65
stage	3.2
stalactite	3.31
stalle	2.63
stance	2.54
standard	2.77
star	5.16
station	4.58
statistique	3.36
statue	5.28
statuette	5.11
stature	3.41
statut	3.69
steak	5.97
stèle	2.18
steppe	3.29
stère	2.25
stérile	2.88
stérilet	4.41
stérilisation	2.97
stérilité	2.83
stéthoscope	5.52
stimulant	3.14
stimulation	3.31
stimuler	3.57
stimuli	2.57
stimulus	3.06
stratégie	2.9
stress	3.58
strict	3.32
stricte	3.67
strie	3.07
strophe	3.47
structure	3.91
studio	5.01
stupéfiant	3.52
stupeur	2.93
style	2.71
stylo	5.91
su	2.58
suaire	2.86
suant	3.85
suante	3.49
suave	3.11
submersion	3.12
substance	3.61
subvention	2.87
suc	2.71
succès	3.3
successeur	2.41
succession	2.92
sucer	5.02
sucette	5.73
sucre	5.3
sucrerie	4.88
sucrier	5.33
sud	4.7
suédois	3.76
suédoise	3.47
suée	3.81
suer	4.93
sueur	4.56
suffixe	3.24
suggestion	2.9
suie	4.31
suif	2.68
suint	2.46
suisse	4.79
suite	3.04
suivre	3.72
sujet	3.25
sultan	3.31
sumo	4.72
supercherie	2.61
supériorité	3.1
suppléante	3.7
supplément	3.15
supplice	2.8
support	4.16
supposition	2.56
sûr	3.13
surdité	3.33
sûre	3.19
sure	3.22
sûreté	2.55
surf	5.71
surface	3.92
surplus	3.46
surprise	3.82
sursaut	3.99
surveillance	3.42
surveillante	3.86
survie	3.15
survol	3.49
sus	2.76
suspens	2.73
suspension	3.3
svelte	4.62
syllabe	4.01
symbole	3.87
symétrie	3.98
sympathie	2.97
syndicat	3.24
synonyme	3.02
synthèse	2.9
système	2.76
tabac	5.01
tabassée	3.02
tabatière	3.48
table	5.59
tableau	5.4
tablette	5.73
tablier	5.43
tabou	2.75
tabouret	4.97
tâche	3.02
tache	4.54
tact	2.65
taie	4.03
taille	4.33
taillis	2.22
tain	2.62
taire	3.3
talc	3.78
talent	3.3
talisman	3.43
talon	5.79
talus	2.73
tambour	5.47
tambourin	4.75
tamis	3.92
tampon	5.7
tam-tam	5.29
tanche	2.57
tank	5.45
tante	4.86
taon	3.58
tapage	2.85
tapageur	3.03
tape	4.65
tapioca	4.62
tapis	5.63
tapisserie	5.26
tard	3.67
tare	2.53
tarif	3.31
tarse	2.47
tartare	3.94
tarte	6.04
tartine	4.96
tartre	4.98
tas	3.97
tasse	5.58
tatou	5.5
taudis	3.61
taupe	5.25
taureau	5.74
taux	3.3
taverne	5.1
taxe	4.07
taxi	5.79
tchèque	3.5
technicien	4.33
technique	2.91
technologie	3.42
teigne	2.49
teindre	4.52
teint	4
teinte	3.78
tek	1.72
télégramme	4.49
téléphone	5.95
télescope	5.86
téléspectateur	4.52
téléviseur	6.13
télévision	5.69
témoignage	3.25
témoin	3.53
tempe	4.65
tempérament	3.07
température	3.93
tempête	5.61
temple	5.49
tempo	3.49
temporalité	2.24
temps	3.75
ténacité	2.59
tendance	2.24
tendon	4.49
tendre	3.47
tendresse	3.34
ténèbres	3.64
tension	3.06
tentacule	5.22
tentation	2.98
tentative	2.19
tente	5.56
tenue	3.49
terme	2.83
termes	3.14
terminal	3.51
terminus	4.63
terne	3.55
terrain	5.08
terrasse	5.17
terre	4.84
terreur	3.33
terrier	4.55
territoire	3.68
terrorisme	3.26
tertre	2.16
test	5.18
testament	4.28
testiculaire	3.86
testicule	5.59
testostérone	3.48
têtard	5.3
tête	5.66
téter	4.57
tétine	5.03
téton	4.68
texte	4.52
thalle	2.26
thé	5.32
théâtre	5.26
thème	2.47
théoricienne	2.32
théorie	2.4
thermes	2.99
thermomètre	6.01
thermos	5.84
thermostat	5.74
thèse	4.2
thon	5.64
thym	4.38
thyroïde	3.91
tiare	2.65
tibia	5.16
tic	3.61
ticket	5.27
tiède	3.9
tierce	3.1
tiers	4.03
tige	5.32
tigre	6.14
tilde	2.24
timbale	4.27
timbre	5.77
timidité	2.93
tintamarre	3.13
tique	3.56
tir	4.26
tirage	4.13
tire	4.55
tirelire	5.47
tiret	4.44
tiroir	5.78
tisane	5.44
tison	3.59
tissage	4.24
tisserand	2.98
tissu	4.8
titre	4.12
titulaire	3.33
toast	5.93
toc	2.12
toge	5.03
toile	5.46
toilette	5.63
toise	2.54
toit	5.57
toiture	5.54
tôle	4.64
tomate	6.28
tombe	5.22
tombeau	5.61
tombée	3.46
tome	3.86
tomme	2.57
ton	3.47
tondeuse	5.35
tondre	4.92
tonique	3.16
tonne	3.87
tonneau	4.74
tonnerre	4.5
tonte	3.31
tope	2.54
toque	4.03
torche	5.53
torchon	5.07
tordre	4.7
tornade	5.89
torpeur	2.49
torpille	4.24
torpilleur	3.42
torrent	3.48
tors	2.64
torse	5.08
torsion	3.45
tort	2.02
tortue	5.48
torture	4.15
torve	2.06
tôt	3.72
total	3.21
totalité	3.16
totem	5.38
toucan	4.81
touche	4.39
toucher	4.43
touffe	4.88
toupie	5.75
tour	4.93
tourbe	4.57
tourbière	3.79
tourbillon	4.86
tourelle	3.56
tourisme	3.86
tourment	2.82
tournage	3.8
tournant	3.42
tourne-disque	5.93
tournée	3.41
tournesol	6.01
tournevis	6.12
tourniquet	4.65
tournoi	4.11
tourte	3.64
tourterelle	5.18
tous	3.82
tout	3.01
toute	3.09
toutou	5.75
toux	4.51
trac	3.41
tracas	2.93
tracé	3.53
trace	5
tract	3.27
tracteur	5.5
traction	3.32
tradition	3.41
traducteur	3.1
traduction	2.85
trafic	4.85
tragédie	3.38
tragédien	2.64
trahison	2.92
train	5.66
traîne	3.68
traîneau	5.66
traire	4.43
trait	4.18
traité	2.82
traite	3.05
traitement	3.42
trajet	3.69
tram	2.91
trame	2.99
trampoline	6.11
tranchant	3.86
tranche	5.22
tranchée	4.17
tranquillité	3.58
transaction	3.37
transe	3.65
transfert	3.22
transformation	3.48
transistor	2.92
transport	4.63
transsexualisme	3.45
transsexualité	3.49
transsexuel	3.81
trappe	4.63
travail	3.41
travailleur	4.09
travée	2.37
travers	3.01
traversée	3.63
traversier	5.18
travesti	4.4
travestisme	3.79
trayeuse	3.39
trèfle	5.74
treille	2.47
treillis	3.11
treize	5.45
tremble	4.49
tremblement	4.55
trempe	4.01
tremplin	5.27
trente	5.02
trésor	5.75
trésorier	3.35
tresse	5.95
tréteau	2.1
treuil	2.88
trêve	2.64
tri	2.94
triage	3.62
triangle	6.09
tribu	4.48
tribunal	4.42
tribune	3.56
triche	3.72
tricot	5.48
trille	2.98
trimestre	3.33
tringle	2.74
trio	4.41
triomphe	3.33
tripe	3.86
triple	4.07
trique	2.36
triste	4.7
tristesse	3.09
troc	3.83
trogne	2.22
trois	5.52
trombe	2.95
trombone	5.98
trompe	4.64
trompette	5.76
tronc	5.43
tronche	3.42
trône	5.25
trop	3.56
trot	4.27
trotte	3.52
trottinette	5.14
trottoir	5.73
trou	5.11
trouble	3.21
trouille	3.23
troupe	4.26
troupeau	5.38
trousse	4.91
truand	2.67
truc	3.07
truelle	2.88
truffe	3.95
truie	5.71
truite	5.95
tsar	3.85
tuba	5.47
tube	5.41
tuer	4.93
tueur	4.09
tueuse	3.67
tuile	5.6
tulipe	6.21
tulle	3.23
tumeur	4.56
tumulte	2.42
tunique	4.48
tunnel	5.73
tuque	5.9
turbine	4.24
turc	3.57
turf	2.77
turque	3.99
tuteur	3.8
tuyau	5.48
tympan	5.16
type	3.3
typologie	1.7
tyran	3.14
ulcère	4.45
une	3.94
unicité	2.48
uniforme	5.18
union	3.43
unisson	2.6
unité	2.57
univers	4.07
université	5.27
urgence	3.83
urine	5.48
urne	4.66
usage	2.76
usine	5.14
usure	3.59
ut	2.52
utilisation	2.89
utilité	1.88
v(')lan	2.79
va	3.16
vacance	4.1
vacances	4.18
vacarme	3.33
vaccin	5.31
vaccination	4.54
vache	5.58
vagin	5.37
vaginal	4.19
vague	5.4
vain	2.63
vaincre	3.62
vaine	3.24
vainqueur	3.74
vaisseau	4.88
vaisselier	4.52
vaisselle	5.41
val	2.6
valet	4.26
valeur	2.45
valise	5.72
vallée	5.25
vallon	3.17
valse	5.11
valve	4.66
van	4.91
vanille	4.84
vanité	2.95
vanne	3.52
vapeur	5.28
variation	2.74
variété	3.04
vase	4.42
vase	5.92
vasque	2.29
vaste	4.08
vaurien	3.06
vautour	5.04
vaux	2.83
veau	5.88
vedette	4.73
végétal	4.07
végétarienne	3.46
véhicule	5.84
veille	4.03
veilleuse	4.16
veine	5.39
vélo	5.92
velours	4.82
vendeur	4.27
vendeuse	4.44
vendre	4.15
vendredi	3.58
vengeance	2.99
venin	3.69
vent	4.26
vente	4.72
ventilateur	5
ventre	5.6
venue	2.97
vêpres	2.38
ver	5.08
verbe	3.71
verdict	3.12
verge	3.99
verger	5.02
verglas	5.24
vergue	2.16
vérification	2.83
vérité	2.53
vernis	5.11
vernissage	3.94
verre	5.39
verrière	2.93
verrou	4.14
vers	4.59
versant	3.22
verse (à)	3.69
version	2.75
vert	5.66
verte	5.61
vertèbre	5.42
vertige	2.92
vertu	2.56
verve	2.71
vesse	2.69
veste	5.58
vestiaire	5.47
vestibule	3.99
vestige	2.87
veston	5.85
vêtement	5.2
vétéran	3.59
veuf	4.16
veule	2.47
veuve	4.48
via	2.63
viable	2.64
viaduc	3.96
viande	5.27
vice	3.34
vice-président	3.87
victime	3.91
victoire	3.87
vidangeur	4.5
vide	4.38
vidéo	5.38
videur	3.1
vie	3.16
vieil	4.52
vieillard	5.55
vieille	4.33
vieillesse	4.39
vielle	3.48
vierge	4.65
vieux	5.16
vif	3.49
vigilance	2.45
vigile	2.99
vigne	5.55
vigneron	3.56
vignette	4.42
vigueur	2.77
vil	2.58
vile	2.59
villa	4.51
village	5.1
villageois	3.95
ville	5.07
vin	5.67
vinaigre	4.89
vingt	5.54
vioc	2.1
viol	4.48
viole	4.58
violence	3.73
violer	4.11
violette	5.28
violon	6.13
viorne	2.08
vipère	4.83
virage	4.22
virginité	3.14
virgule	5.86
viril	2.9
virilité	2.85
virtuosité	2.47
virulence	2.26
virus	4.1
vis	5.59
visage	5.53
viscosité	3.33
visée	2.89
visibilité	3.29
visière	4.03
vision	3.19
visite	3.68
visiteur	3.88
visiteuse	3.76
vitamine	4.58
vite	3.77
vitesse	3.43
vitrail	4.68
vitre	5.15
vitrine	5.19
vive	3.29
vivre	3.7
vivres	3.76
vlan	2.79
vocabulaire	3.36
vocation	2.84
voeu	3.17
vogue	3.5
voie	3.6
voile	5.71
voilette	3.55
voilier	5.63
voir	3.76
voire	2.94
voisin	4.69
voisinage	4.11
voisine	4.66
voiture	5.68
voix	3.53
vol	3.8
volaille	5.27
volant	4.79
volcan	5.78
volet	4.3
voleur	4.47
voleuse	3.74
volontaire	3.42
volonté	2.36
volt	3.59
voltage	3.52
volume	3.82
volupté	2.68
vos	2.36
vote	4.38
vôtre	2.76
votre	2.89
vôtres	2.64
vouer	2.53
voûte	3.68
voyage	4.51
voyageur	4.19
voyelle	4.98
voyeur	3.77
voyeurisme	3.53
vrac	3.96
vrai	2.93
vraie	2.89
vrille	3.45
vroum	4.03
vu	3.62
vue	4.03
vulgaire	2.77
vulgarité	2.73
vulve	5.16
wagon	5.97
watt	4.05
week-end(s)	4.2
whisky(s)	4.85
wok	4.33
yacht	4.63
yak	3.06
yo(-)yo	5.99
yod	1.79
zèbre	6.15
zèle	3.12
zéro	5.19
zeste	4.2
zig	2.64
zigue	2.27
zinc	4.02
zone	3.93
zoo	5.65
zouave	3.63
